name,"RemoteFrame","identifier","num_data_bytes","data","crc","ack","remote_frame"
"CAN",,,,,,,
"CAN",,,,,,,
"CAN",,0x0000000000000269,,,,,
"CAN",,,0x0000000000000003,,,,
"CAN",,,,0x99,,,
"CAN",,,,0x2D,,,
"CAN",,,,0x80,,,
"CAN",,,,,0x0000000000004357,,
"CAN",,,,,,false,
"CAN",,,,,,,
"CAN",,0x0000000000000269,,,,,
"CAN",,,0x0000000000000003,,,,
"CAN",,,,0x99,,,
"CAN",,,,0x3D,,,
"CAN",,,,0x84,,,
"CAN",,,,,0x0000000000004E77,,
"CAN",,,,,,false,
"CAN",,,,,,,
"CAN",,0x0000000000000269,,,,,
"CAN",,,0x0000000000000003,,,,
"CAN",,,,0xC6,,,
"CAN",,,,0xB5,,,
"CAN",,,,0xC8,,,
"CAN",,,,,0x000000000000133F,,
"CAN",,,,,,,
"CAN",,0x0000000000000269,,,,,
"CAN",,,0x0000000000000003,,,,
"CAN",,,,0x64,,,
"CAN",,,,0x59,,,
"CAN",,,,0x09,,,
"CAN",,,,,0x0000000000003CBF,,
"CAN",,,,,,,
"CAN",,0x0000000000000269,,,,,
"CAN",,,0x0000000000000003,,,,
"CAN",,,,0x52,,,
"CAN",,,,0x5A,,,
"CAN",,,,0x02,,,
"CAN",,,,,0x0000000000004F5F,,
"CAN",,,,,,,
"CAN",,0x0000000000000269,,,,,
"CAN",,,0x0000000000000002,,,,
"CAN",,,,0xC2,,,
"CAN",,,,0xD5,,,
"CAN",,,,,0x0000000000006405,,
"CAN",,,,,,false,
"CAN",,,,,,,
"CAN",,0x0000000000000269,,,,,
"CAN",,,0x0000000000000002,,,,
"CAN",,,,0x72,,,
"CAN",,,,0xDA,,,
"CAN",,,,,0x0000000000006403,,
"CAN",,,,,,false,
"CAN",true,0x0000000009AD2FB9,,,,,
"CAN",,,0x0000000000000007,,,,
"CAN",,0x0000000000000269,,,,,
"CAN",,,0x0000000000000002,,,,
"CAN",,,,0xD6,,,
"CAN",true,0x0000000009AD2FB9,,,,,
"CAN",,,0x0000000000000007,,,,
"CAN",,0x0000000000000269,,,,,
"CAN",,,0x0000000000000002,,,,
"CAN",,,,0x2D,,,
"CAN",true,0x0000000009AD2FB9,,,,,
"CAN",,,0x0000000000000007,,,,
"CAN",,0x0000000000000269,,,,,
"CAN",,,0x0000000000000003,,,,
"CAN",,,,0x9D,,,
"CAN",,,,0xBB,,,
"CAN",,,,,,,
"CAN",true,0x0000000009AD2FB9,,,,,
"CAN",,,0x0000000000000007,,,,
"CAN",,0x0000000000000269,,,,,
"CAN",,,0x0000000000000003,,,,
"CAN",,,,,,,
"CAN",true,0x0000000009AD2FB9,,,,,
"CAN",,,0x0000000000000007,,,,
"CAN",,0x0000000000000269,,,,,
"CAN",,,0x0000000000000003,,,,
"CAN",,,,0x34,,,
"CAN",,,,0x9B,,,
"CAN",,,,,,,
"CAN",true,0x0000000009AD2FB9,,,,,
"CAN",,,0x0000000000000007,,,,
"CAN",,0x0000000000000269,,,,,
"CAN",,,0x0000000000000002,,,,
"CAN",,,,0xA1,,,
"CAN",,,,0x5D,,,
"CAN",,,,,0x00000000000004A9,,
"CAN",,,,,,true,
"CAN",true,0x0000000009AD2FB9,,,,,
"CAN",,,0x0000000000000007,,,,
"CAN",,0x0000000000000269,,,,,
"CAN",,,0x0000000000000002,,,,
"CAN",,,,0x71,,,
"CAN",,,,0x18,,,
"CAN",,,,,0x0000000000005205,,
"CAN",,,,,,false,
"CAN",true,0x0000000009AD2FB9,,,,,
"CAN",,,0x0000000000000007,,,,
"CAN",,0x0000000000000269,,,,,
"CAN",,,0x0000000000000002,,,,
"CAN",,,,0xD1,,,
"CAN",,,,0xD8,,,
"CAN",,,,,0x00000000000004BF,,
"CAN",true,0x0000000009AD2FB9,,,,,
"CAN",,,0x0000000000000007,,,,
"CAN",,0x0000000000000269,,,,,
"CAN",,,0x0000000000000002,,,,
"CAN",,,,0x75,,,
"CAN",,,,0xD8,,,
"CAN",,,,,,,
"CAN",true,0x0000000009AD2FB9,,,,,
"CAN",,,0x0000000000000007,,,,
"CAN",,0x0000000000000269,,,,,
"CAN",,,0x0000000000000001,,,,
"CAN",,,,0x9C,,,
"CAN",,,,,,,
"CAN",true,0x0000000009AD2FB9,,,,,
"CAN",,,0x0000000000000007,,,,
"CAN",,0x0000000000000269,,,,,
"CAN",,,0x0000000000000001,,,,
"CAN",,,,,,,
"CAN",true,0x0000000009AD2FB9,,,,,
"CAN",,,0x0000000000000007,,,,
"CAN",,0x0000000000000269,,,,,
"CAN",,,0x0000000000000001,,,,
"CAN",,,,0x21,,,
"CAN",,,,,0x00000000000079C8,,
"CAN",,,,,,true,
"CAN",true,0x0000000009AD2FB9,,,,,
"CAN",,,0x0000000000000007,,,,
"CAN",,0x0000000000000269,,,,,
"CAN",,,0x0000000000000000,,,,
"CAN",,,,,0x00000000000050CD,,
"CAN",,,,,,true,
"CAN",true,0x0000000009AD2FB9,,,,,
"CAN",,,0x0000000000000007,,,,
"CAN",,0x0000000000000269,,,,,
"CAN",,,0x000000000000000B,,,,
"CAN",,0x0000000000000270,,,,,true
"CAN",,,,,,,
"CAN",true,0x0000000009AD2FB9,,,,,
"CAN",,,0x0000000000000007,,,,
"CAN",,0x0000000000000269,,,,,
"CAN",,,0x0000000000000000,,,,
"CAN",,,,,0x000000000000784C,,
"CAN",,,,,,false,
"CAN",true,0x0000000009AD2FB9,,,,,
"CAN",,,0x0000000000000007,,,,
"CAN",,0x0000000000000269,,,,,
"CAN",,,,,,,
"CAN",true,0x0000000009AD2FB9,,,,,
"CAN",,,0x0000000000000007,,,,
"CAN",,0x0000000000000269,,,,,
"CAN",,,0x0000000000000001,,,,
"CAN",,,,,,,
"CAN",true,0x0000000009AD2FB9,,,,,
"CAN",,,0x0000000000000007,,,,
"CAN",,0x0000000000000269,,,,,
"CAN",,,0x0000000000000001,,,,
"CAN",,,,0xC0,,,
"CAN",,,,,,,
"CAN",true,0x0000000009AD2FB9,,,,,
"CAN",,,0x0000000000000007,,,,
"CAN",,0x0000000000000269,,,,,
"CAN",,,0x0000000000000001,,,,
"CAN",,,,0x41,,,
"CAN",,,,,0x0000000000005E02,,
"CAN",,,,,,true,
"CAN",true,0x0000000009AD2FB9,,,,,
"CAN",,,0x0000000000000007,,,,
"CAN",,0x0000000000000269,,,,,
"CAN",,,0x0000000000000000,,,,
"CAN",,,,,0x00000000000048AC,,
"CAN",,,,,,true,
"CAN",true,0x0000000009AD2FB9,,,,,
"CAN",,,0x0000000000000007,,,,
"CAN",,0x0000000000000269,,,,,
"CAN",,,0x0000000000000002,,,,
"CAN",,,,0xD5,,,
"CAN",,,,0x5D,,,
"CAN",,,,,0x000000000000649B,,
"CAN",,,,,,false,
"CAN",true,0x0000000009AD2FB9,,,,,
"CAN",,,0x0000000000000007,,,,
"CAN",,0x0000000000000269,,,,,
"CAN",,,0x0000000000000000,,,,
"CAN",,,,,0x00000000000078EF,,
"CAN",,,,,,true,
"CAN",true,0x0000000009AD2FB9,,,,,
"CAN",,,0x0000000000000007,,,,
"CAN",,0x0000000000000269,,,,,
"CAN",,,,,,,
"CAN",true,0x0000000009AD2FB9,,,,,
"CAN",,,0x0000000000000007,,,,
"CAN",,0x0000000000000269,,,,,
"CAN",,,0x0000000000000003,,,,
"CAN",,,,0x95,,,
"CAN",,,,0xCC,,,
"CAN",,,,0x84,,,
"CAN",true,0x0000000009AD2FB9,,,,,
"CAN",,,0x0000000000000007,,,,
"CAN",,0x0000000000000269,,,,,
"CAN",,,0x0000000000000003,,,,
"CAN",,0x00000000000002F1,,,,,true
"CAN",,,,,,,
"CAN",true,0x0000000009AD2FB9,,,,,
"CAN",,,0x0000000000000007,,,,
"CAN",,0x0000000000000269,,,,,
"CAN",,,0x0000000000000003,,,,
"CAN",,,,,,,
"CAN",true,0x0000000009AD2FB9,,,,,
"CAN",,,0x0000000000000007,,,,
"CAN",,0x0000000000000269,,,,,
"CAN",,,0x0000000000000002,,,,
"CAN",,,,0xA1,,,
"CAN",,,,,,,
"CAN",true,0x0000000009AD2FB9,,,,,
"CAN",,,0x0000000000000007,,,,
"CAN",,0x0000000000000269,,,,,
"CAN",,,0x000000000000000A,,,,
"CAN",,,,0xFB,,,
"CAN",,,,0x39,,,
"CAN",,,,0x49,,,
"CAN",,,,0x3E,,,
"CAN",,,,0xBF,,,
"CAN",true,0x0000000009AD2FB9,,,,,
"CAN",,,0x0000000000000007,,,,
"CAN",,0x0000000000000269,,,,,
"CAN",,,0x0000000000000002,,,,
"CAN",,,,0xE1,,,
"CAN",,,,0xDA,,,
"CAN",,,,,0x0000000000000139,,
"CAN",,,,,,false,
"CAN",true,0x0000000009AD2FB9,,,,,
"CAN",,,0x0000000000000007,,,,
"CAN",,0x0000000000000269,,,,,
"CAN",,,0x0000000000000002,,,,
"CAN",,,,,,,
"CAN",true,0x0000000009AD2FB9,,,,,
"CAN",,,0x0000000000000007,,,,
"CAN",,0x0000000000000269,,,,,
"CAN",,,0x0000000000000003,,,,
"CAN",,,,0xA1,,,
"CAN",,,,0xDA,,,
"CAN",,,,0x02,,,
"CAN",,,,,0x000000000000395F,,
"CAN",true,0x0000000009AD2FB9,,,,,
"CAN",,,0x0000000000000007,,,,
"CAN",,0x0000000000000269,,,,,
"CAN",,,0x0000000000000003,,,,
"CAN",,,,0x1D,,,
"CAN",,,,0x5A,,,
"CAN",,,,0xCC,,,
"CAN",,,,,0x0000000000005EEF,,
"CAN",,,,,,false,
"CAN",true,0x0000000009AD2FB9,,,,,
"CAN",,,0x0000000000000007,,,,
"CAN",,0x0000000000000269,,,,,
"CAN",,,0x0000000000000003,,,,
"CAN",,,,,,,
"CAN",true,0x0000000009AD2FB9,,,,,
"CAN",,,0x0000000000000007,,,,
"CAN",,0x0000000000000269,,,,,
"CAN",,,0x0000000000000002,,,,
"CAN",,,,0xC1,,,
"CAN",,,,,,,
"CAN",true,0x0000000009AD2FB9,,,,,
"CAN",,,0x0000000000000007,,,,
"CAN",,0x0000000000000269,,,,,
"CAN",,,0x0000000000000002,,,,
"CAN",,,,0x10,,,
"CAN",,,,0x99,,,
"CAN",,,,,0x000000000000049B,,
"CAN",,,,,,true,
"CAN",true,0x0000000009AD2FB9,,,,,
"CAN",,,0x0000000000000007,,,,
"CAN",,0x0000000000000269,,,,,
"CAN",,,0x0000000000000002,,,,
"CAN",,,,0x91,,,
"CAN",,,,0x1B,,,
"CAN",,,,,0x000000000000240D,,
"CAN",,,,,,false,
"CAN",true,0x0000000009AD2FB9,,,,,
"CAN",,,0x0000000000000007,,,,
"CAN",,0x0000000000000269,,,,,
"CAN",,,0x0000000000000002,,,,
"CAN",,,,0x65,,,
"CAN",,,,0xCF,,,
"CAN",,,,,0x00000000000044BB,,
"CAN",,,,,,false,
"CAN",true,0x0000000009AD2FB9,,,,,
"CAN",,,0x0000000000000007,,,,
"CAN",,0x0000000000000269,,,,,
"CAN",,,0x0000000000000001,,,,
"CAN",,,,0xA0,,,
"CAN",,,,,,,
"CAN",true,0x0000000009AD2FB9,,,,,
"CAN",,,0x0000000000000007,,,,
"CAN",,0x0000000000000269,,,,,
"CAN",,,0x0000000000000001,,,,
"CAN",,,,0xAD,,,
"CAN",,,,,0x0000000000005D66,,
"CAN",,,,,,false,
"CAN",true,0x0000000009AD2FB9,,,,,
"CAN",,,0x0000000000000007,,,,
"CAN",,0x0000000000000269,,,,,
"CAN",,,0x0000000000000001,,,,
"CAN",,,,,,,
"CAN",true,0x0000000009AD2FB9,,,,,
"CAN",,,0x0000000000000007,,,,
"CAN",,0x0000000000000269,,,,,
"CAN",,,0x0000000000000001,,,,
"CAN",,,,0xD4,,,
"CAN",,,,,0x0000000000007D01,,
"CAN",,,,,,false,
"CAN",true,0x0000000009AD2FB9,,,,,
"CAN",,,0x0000000000000007,,,,
"CAN",,0x0000000000000269,,,,,
"CAN",,,0x0000000000000001,,,,
"CAN",,0x00000000000007AC,,,,,
"CAN",,,0x0000000000000002,,,,
"CAN",,,,0xD9,,,
"CAN",,,,0xBF,,,
"CAN",true,0x0000000009AD2FB9,,,,,
"CAN",,,0x0000000000000007,,,,
"CAN",,0x0000000000000269,,,,,
"CAN",,,0x0000000000000001,,,,
"CAN",,,,0x55,,,
"CAN",,,,,0x0000000000003E48,,
"CAN",,,,,,true,
"CAN",true,0x0000000009AD2FB9,,,,,
"CAN",,,0x0000000000000007,,,,
"CAN",,0x0000000000000269,,,,,
"CAN",,,0x0000000000000001,,,,
"CAN",,,,0x2D,,,
"CAN",,,,,,,
"CAN",true,0x0000000009AD2FB9,,,,,
"CAN",,,0x0000000000000007,,,,
"CAN",,0x0000000000000269,,,,,
"CAN",,,0x0000000000000000,,,,
"CAN",,,,,0x00000000000042AC,,
"CAN",,,,,,false,
"CAN",,,,,,,
"CAN",true,0x0000000009AD2FB9,,,,,
"CAN",,,0x0000000000000007,,,,
"CAN",,0x0000000000000269,,,,,
"CAN",,,0x0000000000000000,,,,
"CAN",,,,,0x000000000000529E,,
"CAN",,,,,,true,
"CAN",true,0x0000000009AD2FB9,,,,,
"CAN",,,0x0000000000000007,,,,
"CAN",,0x0000000000000269,,,,,
"CAN",,,,,,,
"CAN",true,0x0000000009AD2FB9,,,,,
"CAN",,,0x0000000000000007,,,,
"CAN",,0x0000000000000269,,,,,
"CAN",,,0x0000000000000000,,,,
"CAN",,,,,0x0000000000007447,,
"CAN",,,,,,true,
"CAN",true,0x0000000009AD2FB9,,,,,
"CAN",,,0x0000000000000007,,,,
"CAN",,0x0000000000000269,,,,,
"CAN",,,0x0000000000000000,,,,
"CAN",,,,,0x0000000000006A08,,
"CAN",,,,,,true,
"CAN",,,,,,,
"CAN",true,0x0000000009AD2FB9,,,,,
"CAN",,,0x0000000000000007,,,,
"CAN",,0x0000000000000269,,,,,
"CAN",,,0x0000000000000000,,,,
"CAN",,,,,0x0000000000002D1B,,
"CAN",,,,,,false,
"CAN",,,,,,,
"CAN",true,0x0000000009AD2FB9,,,,,
"CAN",,,0x0000000000000007,,,,
"CAN",,0x0000000000000269,,,,,
"CAN",,,0x0000000000000000,,,,
"CAN",,,,,0x000000000000086F,,
"CAN",,,,,,true,
"CAN",true,0x0000000009AD2FB9,,,,,
"CAN",,,0x0000000000000007,,,,
"CAN",,0x0000000000000269,,,,,
"CAN",,,0x000000000000000F,,,,
"CAN",,0x00000000000000BB,,,,,
"CAN",,,0x000000000000000C,,,,
"CAN",,,,,,,
"CAN",true,0x0000000009AD2FB9,,,,,
"CAN",,,0x0000000000000007,,,,
"CAN",,0x0000000000000269,,,,,
"CAN",,,0x000000000000000F,,,,
"CAN",,,,0x30,,,
"CAN",,,,,,,
"CAN",true,0x0000000009AD2FB9,,,,,
"CAN",,,0x0000000000000007,,,,
"CAN",,0x0000000000000269,,,,,
"CAN",,,0x000000000000000F,,,,
"CAN",,,,0x28,,,
"CAN",,,,0xB4,,,
"CAN",,,,,,,
"CAN",true,0x0000000009AD2FB9,,,,,
"CAN",,,0x0000000000000007,,,,
"CAN",,0x0000000000000269,,,,,
"CAN",,,0x000000000000000F,,,,
"CAN",,0x00000000111804D5,,,,,
"CAN",,,0x000000000000000F,,,,
"CAN",true,0x0000000009AD2FB9,,,,,
"CAN",,,0x0000000000000007,,,,
"CAN",,0x0000000000000269,,,,,
"CAN",,,0x000000000000000F,,,,
"CAN",,,,,,,
"CAN",true,0x0000000009AD2FB9,,,,,
"CAN",,,0x0000000000000007,,,,
"CAN",,0x0000000000000269,,,,,
"CAN",,,0x000000000000000F,,,,
"CAN",,,,0xEA,,,
"CAN",,,,0xBC,,,
"CAN",,,,0x90,,,
"CAN",,,,0x05,,,
"CAN",true,0x0000000009AD2FB9,,,,,
"CAN",,,0x0000000000000007,,,,
"CAN",,0x0000000000000269,,,,,
"CAN",,,0x000000000000000F,,,,
"CAN",,,,0xAA,,,
"CAN",,,,0xF2,,,
"CAN",,,,0x90,,,
"CAN",,,,0x5A,,,
"CAN",true,0x0000000009AD2FB9,,,,,
"CAN",,,0x0000000000000007,,,,
"CAN",,0x0000000000000269,,,,,
"CAN",,,0x000000000000000E,,,,
"CAN",,,,0xEC,,,
"CAN",,,,0xEE,,,
"CAN",,,,0xE4,,,
"CAN",,,,0x96,,,
"CAN",,,,0xEF,,,
"CAN",true,0x0000000009AD2FB9,,,,,
"CAN",,,0x0000000000000007,,,,
"CAN",,0x0000000000000269,,,,,
"CAN",,,0x000000000000000E,,,,
"CAN",,,,,,,
"CAN",true,0x0000000009AD2FB9,,,,,
"CAN",,,0x0000000000000007,,,,
"CAN",,0x0000000000000269,,,,,
"CAN",,,0x000000000000000E,,,,
"CAN",,,,0x14,,,
"CAN",,,,0x7B,,,
"CAN",,,,0x48,,,
"CAN",,,,0x15,,,
"CAN",,,,0xBF,,,
"CAN",true,0x0000000009AD2FB9,,,,,
"CAN",,,0x0000000000000007,,,,
"CAN",,0x0000000000000269,,,,,
"CAN",,,0x000000000000000E,,,,
"CAN",,,,0xF0,,,
"CAN",,,,0x8C,,,
"CAN",,,,0xA4,,,
"CAN",,,,0x05,,,
"CAN",,,,0xBF,,,
"CAN",true,0x0000000009AD2FB9,,,,,
"CAN",,,0x0000000000000007,,,,
"CAN",,0x0000000000000269,,,,,
"CAN",,,0x000000000000000E,,,,
"CAN",,,,0xC5,,,
"CAN",,,,,,,
"CAN",true,0x0000000009AD2FB9,,,,,
"CAN",,,0x0000000000000007,,,,
"CAN",,0x0000000000000269,,,,,
"CAN",,,0x000000000000000E,,,,
"CAN",,,,0x65,,,
"CAN",,,,0x3D,,,
"CAN",,,,0x01,,,
"CAN",,,,,,,
"CAN",true,0x0000000009AD2FB9,,,,,
"CAN",,,0x0000000000000007,,,,
"CAN",,0x0000000000000269,,,,,
"CAN",,,0x000000000000000E,,,,
"CAN",,,,0x5C,,,
"CAN",,,,0x7B,,,
"CAN",,,,,,,
"CAN",true,0x0000000009AD2FB9,,,,,
"CAN",,,0x0000000000000007,,,,
"CAN",,0x0000000000000269,,,,,
"CAN",,,0x000000000000000F,,,,
"CAN",true,0x0000000000D920AE,,,,,
"CAN",true,0x0000000009AD2FB9,,,,,
"CAN",,,0x0000000000000007,,,,
"CAN",,0x0000000000000269,,,,,
"CAN",,,0x000000000000000F,,,,
"CAN",,,,,,,
"CAN",true,0x0000000009AD2FB9,,,,,
"CAN",,,0x0000000000000007,,,,
"CAN",,0x0000000000000269,,,,,
"CAN",,,0x000000000000000F,,,,
"CAN",,,,0x5A,,,
"CAN",,,,0xF6,,,
"CAN",,,,0x02,,,
"CAN",,,,0x7B,,,
"CAN",,,,0xBF,,,
"CAN",true,0x0000000009AD2FB9,,,,,
"CAN",,,0x0000000000000007,,,,
"CAN",,0x0000000000000269,,,,,
"CAN",,,0x000000000000000F,,,,
"CAN",,,,,,,
"CAN",true,0x0000000009AD2FB9,,,,,
"CAN",,,0x0000000000000007,,,,
"CAN",,0x0000000000000269,,,,,
"CAN",,,0x000000000000000F,,,,
"CAN",,0x000000000000040F,,,,,true
"CAN",,,0x0000000000000004,,,,
"CAN",,,,,0x0000000000004A1F,,
"CAN",true,0x0000000009AD2FB9,,,,,
"CAN",,,0x0000000000000007,,,,
"CAN",,0x0000000000000269,,,,,
"CAN",,,0x000000000000000F,,,,
"CAN",,,,,,,
"CAN",true,0x0000000009AD2FB9,,,,,
"CAN",,,0x0000000000000007,,,,
"CAN",,0x0000000000000269,,,,,
"CAN",,,0x000000000000000F,,,,
"CAN",,,,0xDA,,,
"CAN",,,,0xFD,,,
"CAN",,,,0x92,,,
"CAN",,,,0xF7,,,
"CAN",true,0x0000000009AD2FB9,,,,,
"CAN",,,0x0000000000000007,,,,
"CAN",,0x0000000000000269,,,,,
"CAN",,,0x000000000000000E,,,,
"CAN",,,,0xD4,,,
"CAN",,,,0x5F,,,
"CAN",,,,0x02,,,
"CAN",,,,0xDC,,,
"CAN",true,0x0000000009AD2FB9,,,,,
"CAN",,,0x0000000000000007,,,,
"CAN",,0x0000000000000269,,,,,
"CAN",,,0x000000000000000E,,,,
"CAN",,,,0xAC,,,
"CAN",,,,0x7D,,,
"CAN",,,,0x09,,,
"CAN",,,,0x3A,,,
"CAN",,,,0x5F,,,
"CAN",true,0x0000000009AD2FB9,,,,,
"CAN",,,0x0000000000000007,,,,
"CAN",,0x0000000000000269,,,,,
"CAN",,,0x000000000000000E,,,,
"CAN",,,,0x25,,,
"CAN",,,,0x8C,,,
"CAN",,,,0x64,,,
"CAN",,,,0x03,,,
"CAN",,,,0x5F,,,
"CAN",true,0x0000000009AD2FB9,,,,,
"CAN",,,0x0000000000000007,,,,
"CAN",,0x0000000000000269,,,,,
"CAN",,,,,,,
"CAN",true,0x0000000009AD2FB9,,,,,
"CAN",,,0x0000000000000007,,,,
"CAN",,0x0000000000000269,,,,,
"CAN",,,0x000000000000000E,,,,
"CAN",,,,0x84,,,
"CAN",,,,0xDE,,,
"CAN",,,,0x84,,,
"CAN",,,,0xA6,,,
"CAN",,,,0x3F,,,
"CAN",true,0x0000000009AD2FB9,,,,,
"CAN",,,0x0000000000000007,,,,
"CAN",,0x0000000000000269,,,,,
"CAN",,,0x000000000000000E,,,,
"CAN",,,,0xB9,,,
"CAN",,,,0xED,,,
"CAN",,,,0x64,,,
"CAN",,,,,,,
"CAN",true,0x0000000009AD2FB9,,,,,
"CAN",,,0x0000000000000007,,,,
"CAN",,0x0000000000000269,,,,,
"CAN",,,0x000000000000000E,,,,
"CAN",,,,0x7F,,,
"CAN",true,0x0000000009AD2FB9,,,,,
"CAN",,,0x0000000000000007,,,,
"CAN",,0x0000000000000269,,,,,
"CAN",,,0x000000000000000E,,,,
"CAN",,,,0x51,,,
"CAN",,,,0xAD,,,
"CAN",,,,0x64,,,
"CAN",,,,0x19,,,
"CAN",true,0x0000000009AD2FB9,,,,,
"CAN",,,0x0000000000000007,,,,
"CAN",,0x0000000000000269,,,,,
"CAN",,,0x000000000000000D,,,,
"CAN",,,,0x99,,,
"CAN",,,,0x4D,,,
"CAN",,,,0x22,,,
"CAN",,,,0x40,,,
"CAN",,,,0x6F,,,
"CAN",true,0x0000000009AD2FB9,,,,,
"CAN",,,0x0000000000000007,,,,
"CAN",,0x0000000000000269,,,,,
"CAN",,,0x000000000000000D,,,,
"CAN",,,,0x85,,,
"CAN",,,,,,,
"CAN",true,0x0000000009AD2FB9,,,,,
"CAN",,,0x0000000000000007,,,,
"CAN",,0x0000000000000269,,,,,
"CAN",,,0x000000000000000D,,,,
"CAN",,,,0x15,,,
"CAN",,,,0x5E,,,
"CAN",,,,0x84,,,
"CAN",,,,0x9C,,,
"CAN",,,,0xEF,,,
"CAN",true,0x0000000009AD2FB9,,,,,
"CAN",,,0x0000000000000007,,,,
"CAN",,0x0000000000000269,,,,,
"CAN",,,0x000000000000000D,,,,
"CAN",,,,0x1E,,,
"CAN",,,,0x1F,,,
"CAN",,0x0000000000000105,,,,,
"CAN",,,0x000000000000000B,,,,
"CAN",true,0x0000000009AD2FB9,,,,,
"CAN",,,0x0000000000000007,,,,
"CAN",,0x0000000000000269,,,,,
"CAN",,,0x000000000000000D,,,,
"CAN",,,,0xBE,,,
"CAN",,,,,,,
"CAN",true,0x0000000009AD2FB9,,,,,
"CAN",,,0x0000000000000007,,,,
"CAN",,0x0000000000000269,,,,,
"CAN",,,0x000000000000000D,,,,
"CAN",,,,0xB0,,,
"CAN",,,,0x1B,,,
"CAN",,,,,,,
"CAN",true,0x0000000009AD2FB9,,,,,
"CAN",,,0x0000000000000007,,,,
"CAN",,0x0000000000000269,,,,,
"CAN",,,0x000000000000000D,,,,
"CAN",,,,0x4E,,,
"CAN",,,,,,,
"CAN",true,0x0000000009AD2FB9,,,,,
"CAN",,,0x0000000000000007,,,,
"CAN",,0x0000000000000269,,,,,
"CAN",,,0x000000000000000D,,,,
"CAN",,,,0x6E,,,
"CAN",,,,,,,
"CAN",true,0x0000000009AD2FB9,,,,,
"CAN",,,0x0000000000000007,,,,
"CAN",,0x0000000000000269,,,,,
"CAN",,,0x000000000000000C,,,,
"CAN",,,,0xD8,,,
"CAN",,,,0xB2,,,
"CAN",,,,0x64,,,
"CAN",,,,0x19,,,
"CAN",,,,0x5F,,,
"CAN",true,0x0000000009AD2FB9,,,,,
"CAN",,,0x0000000000000007,,,,
"CAN",,0x0000000000000269,,,,,
"CAN",,,0x000000000000000C,,,,
"CAN",,,,0xF9,,,
"CAN",,,,0x25,,,
"CAN",,,,,,,
"CAN",true,0x0000000009AD2FB9,,,,,
"CAN",,,0x0000000000000007,,,,
"CAN",,0x0000000000000269,,,,,
"CAN",,,0x000000000000000C,,,,
"CAN",,,,0xBF,,,
"CAN",,,,,,,
"CAN",true,0x0000000009AD2FB9,,,,,
"CAN",,,0x0000000000000007,,,,
"CAN",,0x0000000000000269,,,,,
"CAN",,,0x000000000000000C,,,,
"CAN",,,,0x0F,,,
"CAN",,,,,,,
"CAN",true,0x0000000009AD2FB9,,,,,
"CAN",,,0x0000000000000007,,,,
"CAN",,0x0000000000000269,,,,,
"CAN",,,0x000000000000000C,,,,
"CAN",,,,0x4E,,,
"CAN",,,,,,,
"CAN",true,0x0000000009AD2FB9,,,,,
"CAN",,,0x0000000000000007,,,,
"CAN",,0x0000000000000269,,,,,
"CAN",,,0x000000000000000C,,,,
"CAN",,,,0xC6,,,
"CAN",,,,,,,
"CAN",true,0x0000000009AD2FB9,,,,,
"CAN",,,0x0000000000000007,,,,
"CAN",,0x0000000000000269,,,,,
"CAN",,,0x000000000000000C,,,,
"CAN",,,,0x96,,,
"CAN",,,,0xE1,,,
"CAN",,,,0x01,,,
"CAN",,,,0x27,,,
"CAN",,,,0xBF,,,
"CAN",true,0x0000000009AD2FB9,,,,,
"CAN",,,0x0000000000000007,,,,
"CAN",,0x0000000000000269,,,,,
"CAN",,,0x000000000000000C,,,,
"CAN",,,,0xA7,,,
"CAN",,,,0x33,,,
"CAN",,,,,,,
"CAN",true,0x0000000009AD2FB9,,,,,
"CAN",,,0x0000000000000007,,,,
"CAN",,0x0000000000000269,,,,,
"CAN",,,0x000000000000000C,,,,
"CAN",,,,0x77,,,
"CAN",,,,0x20,,,
"CAN",,,,0x09,,,
"CAN",,,,0x19,,,
"CAN",,,,0x5F,,,
"CAN",true,0x0000000009AD2FB9,,,,,
"CAN",,,0x0000000000000007,,,,
"CAN",,0x0000000000000269,,,,,
"CAN",,,,,,,
"CAN",true,0x0000000009AD2FB9,,,,,
"CAN",,,0x0000000000000007,,,,
"CAN",,0x0000000000000269,,,,,
"CAN",,,0x000000000000000C,,,,
"CAN",,,,0x3A,,,
"CAN",,,,0x13,,,
"CAN",,,,0xA4,,,
"CAN",,,,0x15,,,
"CAN",,,,0xDF,,,
"CAN",true,0x0000000009AD2FB9,,,,,
"CAN",,,0x0000000000000007,,,,
"CAN",,0x0000000000000269,,,,,
"CAN",,,0x000000000000000D,,,,
"CAN",,,,0xF4,,,
"CAN",,,,0xA6,,,
"CAN",,,,0xC8,,,
"CAN",,,,0x16,,,
"CAN",,,,0xBF,,,
"CAN",true,0x0000000009AD2FB9,,,,,
"CAN",,,0x0000000000000007,,,,
"CAN",,0x0000000000000269,,,,,
"CAN",,,0x000000000000000D,,,,
"CAN",,,,0x9C,,,
"CAN",,,,0xD3,,,
"CAN",,,,0xEC,,,
"CAN",,,,0xA9,,,
"CAN",true,0x0000000009AD2FB9,,,,,
"CAN",,,0x0000000000000007,,,,
"CAN",,0x0000000000000269,,,,,
"CAN",,,0x000000000000000D,,,,
"CAN",,,,0xCD,,,
"CAN",,,,0xA0,,,
"CAN",,,,0x09,,,
"CAN",,,,0x79,,,
"CAN",,,,0x5F,,,
"CAN",true,0x0000000009AD2FB9,,,,,
"CAN",,,0x0000000000000007,,,,
"CAN",,0x0000000000000269,,,,,
"CAN",,,0x000000000000000D,,,,
"CAN",,,,0x95,,,
"CAN",,,,0xF7,,,
"CAN",,,,,,,
"CAN",true,0x0000000009AD2FB9,,,,,
"CAN",,,0x0000000000000007,,,,
"CAN",,0x0000000000000269,,,,,
"CAN",,,0x000000000000000D,,,,
"CAN",,,,0x4C,,,
"CAN",,,,0xA0,,,
"CAN",,,,0x09,,,
"CAN",,,,0x17,,,
"CAN",,,,0xFF,,,
"CAN",true,0x0000000009AD2FB9,,,,,
"CAN",,,0x0000000000000007,,,,
"CAN",,0x0000000000000269,,,,,
"CAN",,,0x000000000000000D,,,,
"CAN",,,,0x24,,,
"CAN",,,,0x40,,,
"CAN",,,,0x02,,,
"CAN",,,,0xB6,,,
"CAN",true,0x0000000009AD2FB9,,,,,
"CAN",,,0x0000000000000007,,,,
"CAN",,0x0000000000000269,,,,,
"CAN",,,0x000000000000000D,,,,
"CAN",,,,0x7B,,,
"CAN",,,,0xD3,,,
"CAN",,,,,,,
"CAN",true,0x0000000009AD2FB9,,,,,
"CAN",,,0x0000000000000007,,,,
"CAN",,0x0000000000000269,,,,,
"CAN",,,0x000000000000000D,,,,
"CAN",,,,0x67,,,
"CAN",,,,0x73,,,
"CAN",,,,,,,
"CAN",true,0x0000000009AD2FB9,,,,,
"CAN",,,0x0000000000000007,,,,
"CAN",,0x0000000000000269,,,,,
"CAN",,,0x000000000000000D,,,,
"CAN",,,,0x1D,,,
"CAN",,,,0xA1,,,
"CAN",,,,0xC4,,,
"CAN",,,,0x9F,,,
"CAN",,,,0xDF,,,
"CAN",true,0x0000000009AD2FB9,,,,,
"CAN",,,0x0000000000000007,,,,
"CAN",,0x0000000000000269,,,,,
"CAN",,,0x000000000000000D,,,,
"CAN",,,,0xF4,,,
"CAN",,,,0xA6,,,
"CAN",,,,,,,
"CAN",true,0x0000000009AD2FB9,,,,,
"CAN",,,0x0000000000000007,,,,
"CAN",,0x0000000000000269,,,,,
"CAN",,,0x000000000000000D,,,,
"CAN",,,,,,,
"CAN",true,0x0000000009AD2FB9,,,,,
"CAN",,,0x0000000000000007,,,,
"CAN",,0x0000000000000269,,,,,
"CAN",,,0x000000000000000D,,,,
"CAN",,,,0xB2,,,
"CAN",,,,0x73,,,
"CAN",,,,,,,
"CAN",true,0x0000000009AD2FB9,,,,,
"CAN",,,0x0000000000000007,,,,
"CAN",,0x0000000000000269,,,,,
"CAN",,,0x000000000000000D,,,,
"CAN",,,,0x97,,,
"CAN",,0x00000000000003A4,,,,,
"CAN",,,0x000000000000000B,,,,
"CAN",,,,0x6F,,,
"CAN",true,0x0000000009AD2FB9,,,,,
"CAN",,,0x0000000000000007,,,,
"CAN",,0x0000000000000269,,,,,
"CAN",,,0x000000000000000D,,,,
"CAN",,,,0x9F,,,
"CAN",,,,,,,
"CAN",true,0x0000000009AD2FB9,,,,,
"CAN",,,0x0000000000000007,,,,
"CAN",,0x0000000000000269,,,,,
"CAN",,,0x000000000000000D,,,,
"CAN",true,0x0000000009AD2FB9,,,,,
"CAN",,,0x0000000000000007,,,,
"CAN",,0x0000000000000269,,,,,
"CAN",,,0x000000000000000D,,,,
"CAN",,,,0xDE,,,
"CAN",,,,0xA0,,,
"CAN",,,,0x09,,,
"CAN",,,,0x2D,,,
"CAN",true,0x0000000009AD2FB9,,,,,
"CAN",,,0x0000000000000007,,,,
"CAN",,0x0000000000000269,,,,,
"CAN",,,0x000000000000000D,,,,
"CAN",,,,0xC7,,,
"CAN",,,,0x13,,,
"CAN",,,,0xA4,,,
"CAN",,,,0x14,,,
"CAN",,,,0x5F,,,
"CAN",true,0x0000000009AD2FB9,,,,,
"CAN",,,0x0000000000000007,,,,
"CAN",,0x0000000000000269,,,,,
"CAN",,,0x000000000000000D,,,,
"CAN",,,,0xE7,,,
"CAN",,,,0x53,,,
"CAN",,,,0x22,,,
"CAN",,,,0x47,,,
"CAN",true,0x0000000009AD2FB9,,,,,
"CAN",,,0x0000000000000007,,,,
"CAN",,0x0000000000000269,,,,,
"CAN",,,0x000000000000000D,,,,
"CAN",true,0x0000000009AD2FB9,,,,,
"CAN",,,0x0000000000000007,,,,
"CAN",,0x0000000000000269,,,,,
"CAN",,,0x000000000000000D,,,,
"CAN",,,,,,,
"CAN",true,0x0000000009AD2FB9,,,,,
"CAN",,,0x0000000000000007,,,,
"CAN",,0x0000000000000269,,,,,
"CAN",,,0x000000000000000D,,,,
"CAN",,,,0xFF,,,
"CAN",,,,0xCD,,,
"CAN",,,,,,,
"CAN",true,0x0000000009AD2FB9,,,,,
"CAN",,,0x0000000000000007,,,,
"CAN",,0x0000000000000269,,,,,
"CAN",,,0x000000000000000D,,,,
"CAN",,,,0xFF,,,
"CAN",,0x00000000000003A4,,,,,
"CAN",,,0x0000000000000003,,,,
"CAN",,,,0x9F,,,
"CAN",true,0x0000000009AD2FB9,,,,,
"CAN",,,0x0000000000000007,,,,
"CAN",,0x0000000000000269,,,,,
"CAN",,,0x000000000000000D,,,,
"CAN",,,,0xFF,,,
"CAN",,,,,,,
"CAN",true,0x0000000009AD2FB9,,,,,
"CAN",,,0x0000000000000007,,,,
"CAN",,0x0000000000000269,,,,,
"CAN",,,0x000000000000000D,,,,
"CAN",,,,0xFF,,,
"CAN",,0x00000000000003A4,,,,,
"CAN",,,,,,,
"CAN",true,0x0000000009AD2FB9,,,,,
"CAN",,,0x0000000000000007,,,,
"CAN",,0x0000000000000269,,,,,
"CAN",,,0x000000000000000D,,,,
"CAN",,,,0xFF,,,
"CAN",,0x00000000000003A4,,,,,
"CAN",,,0x0000000000000003,,,,
"CAN",,,,0x9F,,,
"CAN",true,0x0000000009AD2FB9,,,,,
"CAN",,,0x0000000000000007,,,,
"CAN",,0x0000000000000269,,,,,
"CAN",,,0x000000000000000D,,,,
"CAN",,,,0xFF,,,
"CAN",,,,0xCE,,,
"CAN",,,,0x91,,,
"CAN",,,,0x4F,,,
"CAN",true,0x0000000009AD2FB9,,,,,
"CAN",,,0x0000000000000007,,,,
"CAN",,0x0000000000000269,,,,,
"CAN",,,0x000000000000000D,,,,
"CAN",,,,0xFF,,,
"CAN",,0x00000000000003A4,,,,,
"CAN",,,,,,,
"CAN",true,0x0000000009AD2FB9,,,,,
"CAN",,,0x0000000000000007,,,,
"CAN",,0x0000000000000269,,,,,
"CAN",,,0x000000000000000D,,,,
"CAN",,,,,,,
"CAN",true,0x0000000009AD2FB9,,,,,
"CAN",,,0x0000000000000007,,,,
"CAN",,0x0000000000000269,,,,,
"CAN",,,0x000000000000000D,,,,
"CAN",,,,,,,
"CAN",,0x0000000000000269,,,,,
"CAN",,,0x000000000000000D,,,,
"CAN",,,,,,,
"CAN",true,0x0000000009AD2FB9,,,,,
"CAN",,,0x0000000000000007,,,,
"CAN",,0x0000000000000269,,,,,
"CAN",,,0x000000000000000D,,,,
"CAN",,,,0xFF,,,
"CAN",true,0x0000000009AD2FB9,,,,,
"CAN",,,0x0000000000000007,,,,
"CAN",,0x0000000000000269,,,,,
"CAN",,,0x000000000000000D,,,,
"CAN",,,,0xFF,,,
"CAN",,,,,,,
"CAN",true,0x0000000009AD2FB9,,,,,
"CAN",,,0x0000000000000005,,,,
"CAN",,0x0000000000000269,,,,,
"CAN",,,0x000000000000000D,,,,
"CAN",,,,,,,
"CAN",true,0x0000000009AD2FB9,,,,,
"CAN",,,0x0000000000000007,,,,
"CAN",,0x0000000000000269,,,,,
"CAN",,,0x000000000000000D,,,,
"CAN",,,,0xFF,,,
"CAN",true,0x0000000009AD2FB9,,,,,
"CAN",,,0x0000000000000007,,,,
"CAN",,0x0000000000000269,,,,,
"CAN",,,0x000000000000000D,,,,
"CAN",,,,0xFF,,,
"CAN",,,,0x67,,,
"CAN",,,,,,,
"CAN",true,0x0000000009AD2FB9,,,,,
"CAN",,,0x0000000000000007,,,,
"CAN",,0x0000000000000269,,,,,
"CAN",,,0x000000000000000D,,,,
"CAN",,,,0xFF,,,
"CAN",,,,0xCD,,,
"CAN",,,,0x90,,,
"CAN",,,,0x6D,,,
"CAN",true,0x0000000009AD2FB9,,,,,
"CAN",,,0x0000000000000007,,,,
"CAN",,0x0000000000000269,,,,,
"CAN",,,0x000000000000000D,,,,
"CAN",,,,,,,
"CAN",true,0x0000000009AD2FB9,,,,,
"CAN",,,0x0000000000000007,,,,
"CAN",,0x0000000000000269,,,,,
"CAN",,,0x000000000000000D,,,,
"CAN",,,,,,,
"CAN",true,0x0000000009AD2FB9,,,,,
"CAN",,,0x0000000000000007,,,,
"CAN",,0x0000000000000269,,,,,
"CAN",,,0x000000000000000D,,,,
"CAN",,,,,,,
"CAN",true,0x0000000009AD2FB9,,,,,
"CAN",,,0x0000000000000007,,,,
"CAN",,0x0000000000000269,,,,,
"CAN",,,0x000000000000000D,,,,
"CAN",,,,,,,
"CAN",true,0x0000000009AD2FB9,,,,,
"CAN",,,0x0000000000000007,,,,
"CAN",,0x0000000000000269,,,,,
"CAN",,,0x000000000000000D,,,,
"CAN",,,,,,,
"CAN",true,0x0000000009AD2FB9,,,,,
"CAN",,,0x0000000000000007,,,,
"CAN",,,,,0x0000000000005B9D,,
"CAN",,,,,,false,
"CAN",,0x0000000000000269,,,,,
"CAN",,,0x000000000000000D,,,,
"CAN",,,,0xFF,,,
"CAN",,0x00000000000003A4,,,,,
"CAN",,,,,,,
"CAN",true,0x0000000009AD2FB9,,,,,
"CAN",,,0x0000000000000007,,,,
"CAN",,,,,0x0000000000005B1D,,
"CAN",,,,,,false,
"CAN",,0x0000000000000269,,,,,
"CAN",,,0x000000000000000D,,,,
"CAN",,,,0xFF,,,
"CAN",,,,,,,
"CAN",true,0x0000000009AD2FB9,,,,,
"CAN",,,0x0000000000000007,,,,
"CAN",,,,,0x0000000000005B9D,,
"CAN",,,,,,false,
"CAN",,0x0000000000000269,,,,,
"CAN",,,0x000000000000000D,,,,
"CAN",,,,,,,
"CAN",true,0x0000000009AD2FB9,,,,,
"CAN",,,0x0000000000000007,,,,
"CAN",,0x0000000000000269,,,,,
"CAN",,,0x000000000000000D,,,,
"CAN",,,,,,,
"CAN",true,0x0000000009AD2FB9,,,,,
"CAN",,,0x0000000000000005,,,,
"CAN",,,,,0x0000000000005B1D,,
"CAN",,,,,,false,
"CAN",,0x0000000000000269,,,,,
"CAN",,,0x000000000000000D,,,,
"CAN",,,,,,,
"CAN",true,0x0000000009AD2FB9,,,,,
"CAN",,,0x0000000000000007,,,,
"CAN",,0x0000000000000269,,,,,
"CAN",,,0x000000000000000D,,,,
"CAN",,,,0xFF,,,
"CAN",,,,0xA7,,,
"CAN",,,,0x49,,,
"CAN",,,,0x7C,,,
"CAN",true,0x0000000009AD2FB0,,,,,
"CAN",,,0x0000000000000005,,,,
"CAN",,,,,0x0000000000005B0D,,
"CAN",,,,,,false,
"CAN",,0x0000000000000269,,,,,
"CAN",,,0x000000000000000D,,,,
"CAN",,,,,,,
"CAN",,0x0000000009AD2E90,,,,,
"CAN",,,0x0000000000000005,,,,
"CAN",,,,0xB6,,,
"CAN",,,,0x1B,,,
"CAN",,0x0000000000000269,,,,,
"CAN",,,0x000000000000000D,,,,
"CAN",,,,0xFF,,,
"CAN",,0x00000000000003A4,,,,,
"CAN",,,,,,,
"CAN",,,,,,,
"CAN",,0x0000000000000269,,,,,
"CAN",,,0x000000000000000D,,,,
"CAN",,,,,,,
"CAN",,,,,,,
"CAN",,0x0000000000000269,,,,,
"CAN",,,0x000000000000000D,,,,
"CAN",,,,0xFF,,,
"CAN",,0x00000000000003A4,,,,,
"CAN",,,,,,,
"CAN",,,,,,,
"CAN",,0x0000000000000269,,,,,
"CAN",,,0x000000000000000D,,,,
"CAN",,,,0xFF,,,
"CAN",,,,0xCE,,,
"CAN",,,,,,,
"CAN",,,,,,,
"CAN",,0x0000000000000269,,,,,
"CAN",,,0x000000000000000D,,,,
"CAN",,,,0xFF,,,
"CAN",,,,0xCE,,,
"CAN",,,,0x90,,,
"CAN",,,,0x1B,,,
"CAN",,,,,,,
"CAN",,0x0000000000000269,,,,,
"CAN",,,0x000000000000000D,,,,
"CAN",,,,,,,
"CAN",,,,,,,
"CAN",,0x0000000000000269,,,,,
"CAN",,,0x000000000000000D,,,,
"CAN",,,,0xFF,,,
"CAN",,,,0xCE,,,
"CAN",,,,0x90,,,
"CAN",,,,0x1B,,,
"CAN",,,,,,,
"CAN",,0x0000000000000269,,,,,
"CAN",,,0x000000000000000D,,,,
"CAN",,,,0xFF,,,
"CAN",,,,0xCE,,,
"CAN",,,,0x99,,,
"CAN",,,,0x4F,,,
"CAN",,,,,,,
"CAN",,0x0000000000000269,,,,,
"CAN",,,0x000000000000000D,,,,
"CAN",,,,0xFF,,,
"CAN",,0x00000000000003A4,,,,,
"CAN",,,,,,,
"CAN",,,,,,,
"CAN",,0x0000000000000269,,,,,
"CAN",,,0x000000000000000D,,,,
"CAN",,,,,,,
"CAN",,,,,,,
"CAN",,0x0000000000000269,,,,,
"CAN",,,0x000000000000000D,,,,
"CAN",,,,0xFF,,,
"CAN",,,,0xCE,,,
"CAN",,,,0x90,,,
"CAN",,,,0x1B,,,
"CAN",,,,,,,
"CAN",,0x0000000000000269,,,,,
"CAN",,,0x000000000000000D,,,,
"CAN",,0x0000000009AD2E90,,,,,
"CAN",,,0x0000000000000005,,,,
"CAN",,,,0xB6,,,
"CAN",,,,0x1B,,,
"CAN",,0x0000000000000269,,,,,
"CAN",,,0x000000000000000D,,,,
"CAN",,,,,,,
"CAN",,,,,,,
"CAN",,0x0000000000000269,,,,,
"CAN",,,0x000000000000000D,,,,
"CAN",,,,,,,
"CAN",,,,,,,
"CAN",,0x0000000000000269,,,,,
"CAN",,,0x000000000000000D,,,,
"CAN",,,,,,,
"CAN",,,,,,,
"CAN",,0x0000000000000269,,,,,
"CAN",,,0x000000000000000D,,,,
"CAN",,,,,,,
"CAN",,,,,,,
"CAN",,0x0000000000000269,,,,,
"CAN",,,0x000000000000000D,,,,
"CAN",,,,0xFF,,,
"CAN",,,,0xCE,,,
"CAN",,,,,,,
"CAN",,,,,,,
"CAN",,0x0000000000000269,,,,,
"CAN",,,0x000000000000000D,,,,
"CAN",true,0x00000000099C8027,,,,,
"CAN",,,,,,,
"CAN",,0x0000000000000269,,,,,
"CAN",,,0x000000000000000D,,,,
"CAN",,,,0xFF,,,
"CAN",,,,0xCD,,,
"CAN",,,,0x90,,,
"CAN",,,,0x6D,,,
"CAN",,,,,,,
"CAN",,0x0000000000000269,,,,,
"CAN",,,0x000000000000000D,,,,
"CAN",,,,,,,
"CAN",,,,,,,
"CAN",,0x0000000000000269,,,,,
"CAN",,,0x000000000000000D,,,,
"CAN",,,,,,,
"CAN",,,,,,,
"CAN",,0x0000000000000269,,,,,
"CAN",,,0x000000000000000D,,,,
"CAN",,,,0xFF,,,
"CAN",,,,,,,
"CAN",,,,,,,
"CAN",,0x0000000000000269,,,,,
"CAN",,,0x000000000000000D,,,,
"CAN",,,,0xFF,,,
"CAN",,,,0x27,,,
"CAN",,,,0x48,,,
"CAN",,,,0x1E,,,
"CAN",,,,0xBF,,,
"CAN",,,,,,,
"CAN",,0x0000000000000269,,,,,
"CAN",,,0x000000000000000D,,,,
"CAN",,,,0xFF,,,
"CAN",,,,,,,
"CAN",,,,,,,
"CAN",,0x0000000000000269,,,,,
"CAN",,,0x000000000000000D,,,,
"CAN",,,,0xFF,,,
"CAN",,,,0xCE,,,
"CAN",,,,,,,
"CAN",,,,,,,
"CAN",,0x0000000000000269,,,,,
"CAN",,,0x000000000000000D,,,,
"CAN",,,,0xFF,,,
"CAN",,,,0xCE,,,
"CAN",,,,0x90,,,
"CAN",,,,0x1B,,,
"CAN",,,,,,,
"CAN",,0x0000000000000269,,,,,
"CAN",,,0x000000000000000D,,,,
"CAN",,,,0xFF,,,
"CAN",,,,0xCE,,,
"CAN",,,,,,,
"CAN",,,,,,,
"CAN",,0x0000000000000269,,,,,
"CAN",,,0x000000000000000D,,,,
"CAN",,,,0xFF,,,
"CAN",,0x00000000000003A4,,,,,
"CAN",,,0x0000000000000003,,,,
"CAN",,,,0x9F,,,
"CAN",,,,,,,
"CAN",,0x0000000000000269,,,,,
"CAN",,,0x000000000000000D,,,,
"CAN",,,,0xFF,,,
"CAN",,0x00000000000003A4,,,,,
"CAN",,,,,,,
"CAN",,,,,,,
"CAN",,0x0000000000000269,,,,,
"CAN",,,0x000000000000000D,,,,
"CAN",,,,0xFF,,,
"CAN",,,,,,,
"CAN",,,,,,,
"CAN",,0x0000000000000269,,,,,
"CAN",,,0x000000000000000D,,,,
"CAN",,,,,,,
"CAN",,,,,,,
"CAN",,0x0000000000000269,,,,,
"CAN",,,0x000000000000000D,,,,
"CAN",,,,0xFF,,,
"CAN",,,,0xCE,,,
"CAN",,,,0x90,,,
"CAN",,,,0x1B,,,
"CAN",,,,,,,
"CAN",,0x0000000000000269,,,,,
"CAN",,,0x000000000000000D,,,,
"CAN",,,,0xFF,,,
"CAN",,,,0xCE,,,
"CAN",,,,0x90,,,
"CAN",,,,0x1B,,,
"CAN",,,,,,,
"CAN",,0x0000000000000269,,,,,
"CAN",,,0x000000000000000D,,,,
"CAN",,,,0xF1,,,
"CAN",,,,0x23,,,
"CAN",,,,0xA4,,,
"CAN",,,,0x9E,,,
"CAN",,,,0xAF,,,
"CAN",,,,,,,
"CAN",,0x0000000000000269,,,,,
"CAN",,,0x000000000000000D,,,,
"CAN",,,,,,,
"CAN",,,,,,,
"CAN",,0x0000000000000269,,,,,
"CAN",,,0x000000000000000D,,,,
"CAN",,,,,,,
"CAN",,,,,,,
"CAN",,0x0000000000000269,,,,,
"CAN",,,0x000000000000000D,,,,
"CAN",,,,0xFF,,,
"CAN",,,,0xCE,,,
"CAN",,,,0x90,,,
"CAN",,,,0x1B,,,
"CAN",,,,,,,
"CAN",,0x0000000000000269,,,,,
"CAN",,,0x000000000000000D,,,,
"CAN",,,,0xFF,,,
"CAN",,0x00000000000003A4,,,,,
"CAN",,,0x000000000000000A,,,,
"CAN",,,,,,,
"CAN",,0x0000000000000269,,,,,
"CAN",,,0x000000000000000D,,,,
"CAN",,,,,,,
"CAN",,,,,,,
"CAN",,0x0000000000000269,,,,,
"CAN",,,0x000000000000000D,,,,
"CAN",,,,0xFF,,,
"CAN",true,0x0000000009AD2FB9,,,,,
"CAN",,,0x0000000000000007,,,,
"CAN",,0x0000000000000269,,,,,
"CAN",,,0x000000000000000D,,,,
"CAN",,,,0xFF,,,
"CAN",,0x00000000000003A4,,,,,
"CAN",,,,,,,
"CAN",true,0x0000000009AD2FB9,,,,,
"CAN",,,0x0000000000000007,,,,
"CAN",,0x0000000000000269,,,,,
"CAN",,,0x000000000000000D,,,,
"CAN",,,,,,,
"CAN",true,0x0000000009AD2FB9,,,,,
"CAN",,,0x0000000000000007,,,,
"CAN",,0x0000000000000269,,,,,
"CAN",,,0x000000000000000D,,,,
"CAN",,,,0xFF,,,
"CAN",,,,,,,
"CAN",true,0x0000000009AD2FB9,,,,,
"CAN",,,0x0000000000000007,,,,
"CAN",,0x0000000000000269,,,,,
"CAN",,,0x000000000000000D,,,,
"CAN",,,,0xFF,,,
"CAN",,0x00000000000003A4,,,,,
"CAN",,,0x0000000000000003,,,,
"CAN",,,,0x9F,,,
"CAN",true,0x0000000009AD2FB9,,,,,
"CAN",,,0x0000000000000007,,,,
"CAN",,0x0000000000000269,,,,,
"CAN",,,0x000000000000000D,,,,
"CAN",,,,,,,
"CAN",true,0x0000000009AD2FB9,,,,,
"CAN",,,0x0000000000000007,,,,
"CAN",,0x0000000000000269,,,,,
"CAN",,,0x000000000000000D,,,,
"CAN",,,,,,,
"CAN",true,0x0000000009AD2FB9,,,,,
"CAN",,,0x0000000000000007,,,,
"CAN",,0x0000000000000269,,,,,
"CAN",,,0x000000000000000D,,,,
"CAN",,,,0xFF,,,
"CAN",,0x00000000000003A4,,,,,
"CAN",,,,,,,
"CAN",true,0x0000000009AD2FB9,,,,,
"CAN",,,0x0000000000000007,,,,
"CAN",,0x0000000000000269,,,,,
"CAN",,,0x000000000000000D,,,,
"CAN",,,,,,,
"CAN",true,0x0000000009AD2FB9,,,,,
"CAN",,,0x0000000000000007,,,,
"CAN",,0x0000000000000269,,,,,
"CAN",,,0x000000000000000D,,,,
"CAN",,,,,,,
"CAN",true,0x0000000009AD2FB9,,,,,
"CAN",,,0x0000000000000007,,,,
"CAN",,0x0000000000000269,,,,,
"CAN",,,0x000000000000000D,,,,
"CAN",,,,,,,
"CAN",true,0x0000000009AD2FB9,,,,,
"CAN",,,0x0000000000000007,,,,
"CAN",,0x0000000000000269,,,,,
"CAN",,,0x000000000000000D,,,,
"CAN",,,,0xFF,,,
"CAN",,,,0xCE,,,
"CAN",,,,0x90,,,
"CAN",,,,0x1B,,,
"CAN",true,0x0000000009AD2FB9,,,,,
"CAN",,,0x0000000000000007,,,,
"CAN",,0x0000000000000269,,,,,
"CAN",,,0x000000000000000D,,,,
"CAN",,,,0xFF,,,
"CAN",,0x00000000000003A4,,,,,
"CAN",,,0x0000000000000003,,,,
"CAN",,,,0x9F,,,
"CAN",true,0x0000000009AD2FB9,,,,,
"CAN",,,0x0000000000000007,,,,
"CAN",,0x0000000000000269,,,,,
"CAN",,,0x000000000000000D,,,,
"CAN",,,,,,,
"CAN",true,0x0000000009AD2FB9,,,,,
"CAN",,,0x0000000000000007,,,,
"CAN",,0x0000000000000269,,,,,
"CAN",,,0x000000000000000D,,,,
"CAN",,,,0xFF,,,
"CAN",,0x00000000000003A4,,,,,
"CAN",,,,,,,
"CAN",true,0x0000000009AD2FB9,,,,,
"CAN",,,0x0000000000000007,,,,
"CAN",,0x0000000000000269,,,,,
"CAN",,,0x000000000000000D,,,,
"CAN",,,,0xFF,,,
"CAN",,0x0000000000000364,,,,,
"CAN",,,0x0000000000000006,,,,
"CAN",,,,0x2F,,,
"CAN",true,0x0000000009AD2FB9,,,,,
"CAN",,,0x0000000000000007,,,,
"CAN",,0x0000000000000269,,,,,
"CAN",,,0x000000000000000D,,,,
"CAN",,,,,,,
"CAN",true,0x0000000009AD2FB9,,,,,
"CAN",,,0x0000000000000007,,,,
"CAN",,0x0000000000000269,,,,,
"CAN",,,0x000000000000000D,,,,
"CAN",,,,,,,
"CAN",true,0x0000000009AD2FB9,,,,,
"CAN",,,0x0000000000000007,,,,
"CAN",,0x0000000000000269,,,,,
"CAN",,,0x000000000000000D,,,,
"CAN",,,,0xFF,,,
"CAN",,,,,,,
"CAN",true,0x0000000009AD2FB9,,,,,
"CAN",,,0x0000000000000007,,,,
"CAN",,0x0000000000000269,,,,,
"CAN",,,0x000000000000000D,,,,
"CAN",,,,0xFF,,,
"CAN",,,,0xCD,,,
"CAN",,,,,,,
"CAN",true,0x0000000009AD2FB9,,,,,
"CAN",,,0x0000000000000007,,,,
"CAN",,0x0000000000000269,,,,,
"CAN",,,0x000000000000000D,,,,
"CAN",,,,,,,
"CAN",true,0x0000000009AD2FB9,,,,,
"CAN",,,0x0000000000000007,,,,
"CAN",,0x0000000000000269,,,,,
"CAN",,,0x000000000000000D,,,,
"CAN",,,,,,,
"CAN",true,0x0000000009AD2FB9,,,,,
"CAN",,,0x0000000000000007,,,,
"CAN",,0x0000000000000269,,,,,
"CAN",,,0x000000000000000D,,,,
"CAN",,,,,,,
"CAN",true,0x0000000009AD2FB9,,,,,
"CAN",,,0x0000000000000007,,,,
"CAN",,0x0000000000000269,,,,,
"CAN",,,0x000000000000000D,,,,
"CAN",,,,,,,
"CAN",true,0x0000000009AD2FB9,,,,,
"CAN",,,0x0000000000000007,,,,
"CAN",,0x0000000000000269,,,,,
"CAN",,,0x000000000000000D,,,,
"CAN",,,,0xFF,,,
"CAN",,0x00000000000003A4,,,,,
"CAN",,,,,,,
"CAN",true,0x0000000009AD2FB9,,,,,
"CAN",,,0x0000000000000007,,,,
"CAN",,0x0000000000000269,,,,,
"CAN",,,0x000000000000000D,,,,
"CAN",,,,,,,
"CAN",true,0x0000000009AD2FB9,,,,,
"CAN",,,0x0000000000000007,,,,
"CAN",,0x0000000000000269,,,,,
"CAN",,,0x000000000000000D,,,,
"CAN",,,,0xFF,,,
"CAN",,0x00000000000003A4,,,,,
"CAN",,,,,,,
"CAN",true,0x0000000009AD2FB9,,,,,
"CAN",,,0x0000000000000007,,,,
"CAN",,0x0000000000000269,,,,,
"CAN",,,0x000000000000000D,,,,
"CAN",,,,,,,
"CAN",true,0x0000000009AD2FB9,,,,,
"CAN",,,0x0000000000000007,,,,
"CAN",,0x0000000000000269,,,,,
"CAN",,,0x000000000000000D,,,,
"CAN",,,,0xFF,,,
"CAN",,,,0xCE,,,
"CAN",,,,0x90,,,
"CAN",,,,0x1B,,,
"CAN",true,0x0000000009AD2FB9,,,,,
"CAN",,,0x0000000000000007,,,,
"CAN",,0x0000000000000269,,,,,
"CAN",,,0x000000000000000D,,,,
"CAN",,,,,,,
"CAN",true,0x0000000009AD2FB9,,,,,
"CAN",,,0x0000000000000007,,,,
"CAN",,0x0000000000000269,,,,,
"CAN",,,0x000000000000000D,,,,
"CAN",,,,0xFF,,,
"CAN",,,,,,,
"CAN",true,0x0000000009AD2FB9,,,,,
"CAN",,,0x0000000000000007,,,,
"CAN",,0x0000000000000269,,,,,
"CAN",,,0x000000000000000D,,,,
"CAN",,,,,,,
"CAN",true,0x0000000009AD2FB9,,,,,
"CAN",,,0x0000000000000007,,,,
"CAN",,0x0000000000000269,,,,,
"CAN",,,0x000000000000000D,,,,
"CAN",,,,0xFF,,,
"CAN",,,,0xCE,,,
"CAN",,,,0x90,,,
"CAN",,,,0x1B,,,
"CAN",true,0x0000000009AD2FB9,,,,,
"CAN",,,0x0000000000000007,,,,
"CAN",,0x0000000000000269,,,,,
"CAN",,,0x000000000000000D,,,,
"CAN",,,,,,,
"CAN",true,0x0000000009AD2FB9,,,,,
"CAN",,,0x0000000000000007,,,,
"CAN",,0x0000000000000269,,,,,
"CAN",,,0x000000000000000D,,,,
"CAN",,,,0xFF,,,
"CAN",,0x0000000000000364,,,,,
"CAN",,,0x0000000000000006,,,,
"CAN",,,,0x2F,,,
"CAN",true,0x0000000009AD2FB9,,,,,
"CAN",,,0x0000000000000007,,,,
"CAN",,0x0000000000000269,,,,,
"CAN",,,0x000000000000000D,,,,
"CAN",,,,0xFF,,,
"CAN",,,,,,,
"CAN",true,0x0000000009AD2FB9,,,,,
"CAN",,,0x0000000000000007,,,,
"CAN",,0x0000000000000269,,,,,
"CAN",,,0x000000000000000D,,,,
"CAN",,,,0xFF,,,
"CAN",,0x00000000000003A4,,,,,
"CAN",,,,,,,
"CAN",true,0x0000000009AD2FB9,,,,,
"CAN",,,0x0000000000000007,,,,
"CAN",,0x0000000000000269,,,,,
"CAN",,,0x000000000000000D,,,,
"CAN",,,,0xFF,,,
"CAN",,,,0xCE,,,
"CAN",,,,0x90,,,
"CAN",,,,0x1B,,,
"CAN",true,0x0000000009AD2FB9,,,,,
"CAN",,,0x0000000000000007,,,,
"CAN",,0x0000000000000269,,,,,
"CAN",,,0x000000000000000D,,,,
"CAN",,,,0xFF,,,
"CAN",,,,0xCF,,,
"CAN",,,,0xA0,,,
"CAN",,,,0x0A,,,
"CAN",true,0x0000000009AD2FB9,,,,,
"CAN",,,0x0000000000000007,,,,
"CAN",,0x0000000000000269,,,,,
"CAN",,,0x000000000000000D,,,,
"CAN",,,,,,,
"CAN",true,0x0000000009AD2FB9,,,,,
"CAN",,,0x0000000000000007,,,,
"CAN",,0x0000000000000269,,,,,
"CAN",,,0x000000000000000D,,,,
"CAN",,,,0xFF,,,
"CAN",,,,,,,
"CAN",true,0x0000000009AD2FB9,,,,,
"CAN",,,0x0000000000000007,,,,
"CAN",,0x0000000000000269,,,,,
"CAN",,,0x000000000000000D,,,,
"CAN",,,,0xFF,,,
"CAN",,0x0000000000000364,,,,,
"CAN",,,0x0000000000000006,,,,
"CAN",,,,0x2F,,,
"CAN",true,0x0000000009AD2FB9,,,,,
"CAN",,,0x0000000000000007,,,,
"CAN",,0x0000000000000269,,,,,
"CAN",,,0x000000000000000D,,,,
"CAN",,,,0xFF,,,
"CAN",,,,0xCE,,,
"CAN",,,,0x90,,,
"CAN",,,,0x1B,,,
"CAN",true,0x0000000009AD2FB9,,,,,
"CAN",,,0x0000000000000007,,,,
"CAN",,0x0000000000000269,,,,,
"CAN",,,0x000000000000000D,,,,
"CAN",,,,0xFF,,,
"CAN",,,,0xCE,,,
"CAN",,,,0x90,,,
"CAN",,,,0x1B,,,
"CAN",true,0x0000000009AD2FB9,,,,,
"CAN",,,0x0000000000000007,,,,
"CAN",,0x0000000000000269,,,,,
"CAN",,,0x000000000000000D,,,,
"CAN",,,,0xF9,,,
"CAN",,,,0x33,,,
"CAN",,,,0xA4,,,
"CAN",,,,0x9E,,,
"CAN",,,,0xAF,,,
"CAN",true,0x0000000009AD2FB9,,,,,
"CAN",,,0x0000000000000007,,,,
"CAN",,0x0000000000000269,,,,,
"CAN",,,0x000000000000000D,,,,
"CAN",,,,0xFF,,,
"CAN",,,,0xCE,,,
"CAN",,,,,,,
"CAN",true,0x0000000009AD2FB9,,,,,
"CAN",,,0x0000000000000007,,,,
"CAN",,0x0000000000000269,,,,,
"CAN",,,0x000000000000000D,,,,
"CAN",,,,0xFF,,,
"CAN",,,,0xCE,,,
"CAN",,,,,,,
"CAN",true,0x0000000009AD2FB9,,,,,
"CAN",,,0x0000000000000007,,,,
"CAN",,0x0000000000000269,,,,,
"CAN",,,0x000000000000000D,,,,
"CAN",,,,,,,
"CAN",true,0x0000000009AD2FB9,,,,,
"CAN",,,0x0000000000000007,,,,
"CAN",,0x0000000000000269,,,,,
"CAN",,,0x000000000000000D,,,,
"CAN",,,,,,,
"CAN",true,0x0000000009AD2FB9,,,,,
"CAN",,,0x0000000000000007,,,,
"CAN",,0x0000000000000269,,,,,
"CAN",,,0x000000000000000D,,,,
"CAN",,,,,,,
"CAN",true,0x0000000009AD2FB9,,,,,
"CAN",,,0x0000000000000007,,,,
"CAN",,0x0000000000000269,,,,,
"CAN",,,0x000000000000000D,,,,
"CAN",,,,,,,
"CAN",true,0x0000000009AD2FB9,,,,,
"CAN",,,0x0000000000000007,,,,
"CAN",,0x0000000000000269,,,,,
"CAN",,,0x000000000000000D,,,,
"CAN",,,,0xFF,,,
"CAN",,0x00000000000003A4,,,,,
"CAN",,,0x000000000000000A,,,,
"CAN",true,0x0000000009AD2FB9,,,,,
"CAN",,,0x0000000000000007,,,,
"CAN",,0x0000000000000269,,,,,
"CAN",,,0x000000000000000D,,,,
"CAN",,,,,,,
"CAN",true,0x0000000009AD2FB9,,,,,
"CAN",,,0x0000000000000007,,,,
"CAN",,0x0000000000000269,,,,,
"CAN",,,0x000000000000000D,,,,
"CAN",,,,,,,
"CAN",true,0x0000000009AD2FB9,,,,,
"CAN",,,0x0000000000000007,,,,
"CAN",,0x0000000000000269,,,,,
"CAN",,,0x000000000000000D,,,,
"CAN",,,,0xFF,,,
"CAN",,0x00000000000003A4,,,,,
"CAN",,,,,,,
"CAN",true,0x0000000009AD2FB9,,,,,
"CAN",,,0x0000000000000007,,,,
"CAN",,0x0000000000000269,,,,,
"CAN",,,0x000000000000000D,,,,
"CAN",,,,,,,
"CAN",true,0x0000000009AD2FB9,,,,,
"CAN",,,0x0000000000000007,,,,
"CAN",,0x0000000000000269,,,,,
"CAN",,,0x000000000000000D,,,,
"CAN",,,,0xFF,,,
"CAN",,0x00000000000003A4,,,,,
"CAN",,,,,,,
"CAN",true,0x0000000009AD2FB9,,,,,
"CAN",,,0x0000000000000007,,,,
"CAN",,0x0000000000000269,,,,,
"CAN",,,0x000000000000000D,,,,
"CAN",true,0x0000000009AD2FB9,,,,,
"CAN",,,0x0000000000000007,,,,
"CAN",,0x0000000000000269,,,,,
"CAN",,,0x000000000000000D,,,,
"CAN",,,,,,,
"CAN",true,0x0000000009AD2FB9,,,,,
"CAN",,,0x0000000000000007,,,,
"CAN",,0x0000000000000269,,,,,
"CAN",,,0x000000000000000D,,,,
"CAN",,,,0xFF,,,
"CAN",,,,,,,
"CAN",true,0x0000000009AD2FB9,,,,,
"CAN",,,0x0000000000000007,,,,
"CAN",,0x0000000000000269,,,,,
"CAN",,,0x000000000000000D,,,,
"CAN",,,,0xFF,,,
"CAN",,,,0xCE,,,
"CAN",,,,,,,
"CAN",true,0x0000000009AD2FB9,,,,,
"CAN",,,0x0000000000000007,,,,
"CAN",,0x0000000000000269,,,,,
"CAN",,,0x000000000000000D,,,,
"CAN",,,,,,,
"CAN",true,0x0000000009AD2FB9,,,,,
"CAN",,,0x0000000000000007,,,,
"CAN",,0x0000000000000269,,,,,
"CAN",,,0x000000000000000D,,,,
"CAN",,,,,,,
"CAN",true,0x0000000009AD2FB9,,,,,
"CAN",,,0x0000000000000007,,,,
"CAN",,0x0000000000000269,,,,,
"CAN",,,0x000000000000000D,,,,
"CAN",,,,0xFF,,,
"CAN",,0x00000000000003A4,,,,,
"CAN",,,,,,,
"CAN",true,0x0000000009AD2FB9,,,,,
"CAN",,,0x0000000000000007,,,,
"CAN",,0x0000000000000269,,,,,
"CAN",,,0x000000000000000D,,,,
"CAN",,,,,,,
"CAN",true,0x0000000009AD2FB9,,,,,
"CAN",,,0x0000000000000007,,,,
"CAN",,0x0000000000000269,,,,,
"CAN",,,0x000000000000000D,,,,
"CAN",,,,0xFF,,,
"CAN",,,,0xCE,,,
"CAN",,,,0x90,,,
"CAN",,,,0x1B,,,
"CAN",true,0x0000000009AD2FB9,,,,,
"CAN",,,0x0000000000000007,,,,
"CAN",,0x0000000000000269,,,,,
"CAN",,,0x000000000000000D,,,,
"CAN",,,,0xFF,,,
"CAN",,,,0xCE,,,
"CAN",,,,,,,
"CAN",true,0x0000000009AD2FB9,,,,,
"CAN",,,0x0000000000000007,,,,
"CAN",,0x0000000000000269,,,,,
"CAN",,,0x000000000000000D,,,,
"CAN",,,,,,,
"CAN",true,0x0000000009AD2FB9,,,,,
"CAN",,,0x0000000000000007,,,,
"CAN",,0x0000000000000269,,,,,
"CAN",,,0x000000000000000D,,,,
"CAN",,,,,,,
"CAN",true,0x0000000009AD2FB9,,,,,
"CAN",,,0x0000000000000007,,,,
"CAN",,0x0000000000000269,,,,,
"CAN",,,0x000000000000000D,,,,
"CAN",,,,,,,
"CAN",true,0x0000000009AD2FB9,,,,,
"CAN",,,0x0000000000000007,,,,
"CAN",,0x0000000000000269,,,,,
"CAN",,,0x000000000000000D,,,,
"CAN",,,,0xFF,,,
"CAN",,,,,,,
"CAN",true,0x0000000009AD2FB9,,,,,
"CAN",,,0x0000000000000007,,,,
"CAN",,0x0000000000000269,,,,,
"CAN",,,0x000000000000000D,,,,
"CAN",,,,0xFF,,,
"CAN",,,,0xCE,,,
"CAN",,,,0x99,,,
"CAN",,,,0x6F,,,
"CAN",true,0x0000000009AD2FB9,,,,,
"CAN",,,0x0000000000000007,,,,
"CAN",,0x0000000000000269,,,,,
"CAN",,,0x000000000000000D,,,,
"CAN",,,,,,,
"CAN",true,0x0000000009AD2FB9,,,,,
"CAN",,,0x0000000000000007,,,,
"CAN",,0x0000000000000269,,,,,
"CAN",,,0x000000000000000D,,,,
"CAN",,,,,,,
"CAN",true,0x0000000009AD2FB9,,,,,
"CAN",,,0x0000000000000007,,,,
"CAN",,0x0000000000000269,,,,,
"CAN",,,0x000000000000000D,,,,
"CAN",,,,,,,
"CAN",true,0x0000000009AD2FB9,,,,,
"CAN",,,0x0000000000000007,,,,
"CAN",,0x0000000000000269,,,,,
"CAN",,,0x000000000000000D,,,,
"CAN",,,,,,,
"CAN",true,0x0000000009AD2FB9,,,,,
"CAN",,,0x0000000000000007,,,,
"CAN",,0x0000000000000269,,,,,
"CAN",,,0x000000000000000D,,,,
"CAN",,,,,,,
"CAN",true,0x0000000009AD2FB9,,,,,
"CAN",,,0x0000000000000007,,,,
"CAN",,0x0000000000000269,,,,,
"CAN",,,0x000000000000000D,,,,
"CAN",,,,0xF8,,,
"CAN",,,,0x27,,,
"CAN",,,,0x49,,,
"CAN",,,,0x3D,,,
"CAN",,,,0x5F,,,
"CAN",true,0x0000000009AD2FB9,,,,,
"CAN",,,0x0000000000000007,,,,
"CAN",,0x0000000000000269,,,,,
"CAN",,,0x000000000000000D,,,,
"CAN",,,,,,,
"CAN",true,0x0000000009AD2FB9,,,,,
"CAN",,,0x0000000000000007,,,,
"CAN",,0x0000000000000269,,,,,
"CAN",,,0x000000000000000D,,,,
"CAN",,,,0xFF,,,
"CAN",,,,0xCE,,,
"CAN",,,,,,,
"CAN",true,0x0000000009AD2FB9,,,,,
"CAN",,,0x0000000000000007,,,,
"CAN",,0x0000000000000269,,,,,
"CAN",,,0x000000000000000D,,,,
"CAN",,,,0xFF,,,
"CAN",,0x00000000000003A4,,,,,
"CAN",,,,,,,
"CAN",true,0x0000000009AD2FB9,,,,,
"CAN",,,0x0000000000000007,,,,
"CAN",,0x0000000000000269,,,,,
"CAN",,,0x000000000000000D,,,,
"CAN",,,,0xFF,,,
"CAN",,,,0xCD,,,
"CAN",,,,0x90,,,
"CAN",,,,0x6D,,,
"CAN",true,0x0000000009AD2FB9,,,,,
"CAN",,,0x0000000000000007,,,,
"CAN",,0x0000000000000269,,,,,
"CAN",,,0x000000000000000D,,,,
"CAN",,,,,,,
"CAN",true,0x0000000009AD2FB9,,,,,
"CAN",,,0x0000000000000007,,,,
"CAN",,0x0000000000000269,,,,,
"CAN",,,0x000000000000000D,,,,
"CAN",,,,0xFF,,,
"CAN",,,,,,,
"CAN",true,0x0000000009AD2FB9,,,,,
"CAN",,,0x0000000000000007,,,,
"CAN",,0x0000000000000269,,,,,
"CAN",,,0x000000000000000D,,,,
"CAN",,,,0xF9,,,
"CAN",,,,0x67,,,
"CAN",,,,0x4C,,,
"CAN",,,,0x9F,,,
"CAN",true,0x0000000009AD2FB9,,,,,
"CAN",,,0x0000000000000007,,,,
"CAN",,0x0000000000000269,,,,,
"CAN",,,0x000000000000000D,,,,
"CAN",,,,0xFF,,,
"CAN",,0x00000000000003A4,,,,,
"CAN",,,,,,,
"CAN",true,0x0000000009AD2FB9,,,,,
"CAN",,,0x0000000000000007,,,,
"CAN",,0x0000000000000269,,,,,
"CAN",,,0x000000000000000D,,,,
"CAN",,,,0xFF,,,
"CAN",,,,0xCE,,,
"CAN",,,,0x90,,,
"CAN",,,,0x1B,,,
"CAN",true,0x0000000009AD2FB9,,,,,
"CAN",,,0x0000000000000007,,,,
"CAN",,0x0000000000000269,,,,,
"CAN",,,0x000000000000000D,,,,
"CAN",,,,0xFF,,,
"CAN",,,,0xCE,,,
"CAN",,,,,,,
"CAN",true,0x0000000009AD2FB9,,,,,
"CAN",,,0x0000000000000007,,,,
"CAN",,0x0000000000000269,,,,,
"CAN",,,0x000000000000000D,,,,
"CAN",,,,0xFF,,,
"CAN",,,,,,,
"CAN",true,0x0000000009AD2FB9,,,,,
"CAN",,,0x0000000000000007,,,,
"CAN",,0x0000000000000269,,,,,
"CAN",,,0x000000000000000D,,,,
"CAN",,,,0xFF,,,
"CAN",,,,,,,
"CAN",true,0x0000000009AD2FB9,,,,,
"CAN",,,0x0000000000000007,,,,
"CAN",,0x0000000000000269,,,,,
"CAN",,,0x000000000000000D,,,,
"CAN",,,,,,,
"CAN",true,0x0000000009AD2FB9,,,,,
"CAN",,,0x0000000000000007,,,,
"CAN",,0x0000000000000269,,,,,
"CAN",,,0x000000000000000D,,,,
"CAN",,,,0xFF,,,
"CAN",,,,0xCE,,,
"CAN",,,,0x90,,,
"CAN",,,,0x1B,,,
"CAN",true,0x0000000009AD2FB9,,,,,
"CAN",,,0x0000000000000007,,,,
"CAN",,0x0000000000000269,,,,,
"CAN",,,0x000000000000000D,,,,
"CAN",,,,0xFF,,,
"CAN",,0x00000000000003A4,,,,,
"CAN",,,,,,,
"CAN",true,0x0000000009AD2FB9,,,,,
"CAN",,,0x0000000000000007,,,,
"CAN",,0x0000000000000269,,,,,
"CAN",,,0x000000000000000D,,,,
"CAN",,,,0xFF,,,
"CAN",,,,0xCD,,,
"CAN",,,,0x90,,,
"CAN",,,,0x6D,,,
"CAN",true,0x0000000009AD2FB9,,,,,
"CAN",,,0x0000000000000007,,,,
"CAN",,0x0000000000000269,,,,,
"CAN",,,0x000000000000000D,,,,
"CAN",,,,,,,
"CAN",true,0x0000000009AD2FB9,,,,,
"CAN",,,0x0000000000000007,,,,
"CAN",,0x0000000000000269,,,,,
"CAN",,,0x000000000000000D,,,,
"CAN",,,,,,,
"CAN",true,0x0000000009AD2FB9,,,,,
"CAN",,,0x0000000000000007,,,,
"CAN",,0x0000000000000269,,,,,
"CAN",,,0x000000000000000D,,,,
"CAN",,,,,,,
"CAN",true,0x0000000009AD2FB9,,,,,
"CAN",,,0x0000000000000007,,,,
"CAN",,0x0000000000000269,,,,,
"CAN",,,0x000000000000000D,,,,
"CAN",,,,,,,
"CAN",true,0x0000000009AD2FB9,,,,,
"CAN",,,0x0000000000000007,,,,
"CAN",,0x0000000000000269,,,,,
"CAN",,,0x000000000000000D,,,,
"CAN",,,,,,,
"CAN",true,0x0000000009AD2FB9,,,,,
"CAN",,,0x0000000000000007,,,,
"CAN",,0x0000000000000269,,,,,
"CAN",,,0x000000000000000D,,,,
"CAN",,,,0xFF,,,
"CAN",,0x00000000000003A4,,,,,
"CAN",,,,,,,
"CAN",true,0x0000000009AD2FB9,,,,,
"CAN",,,0x0000000000000007,,,,
"CAN",,0x0000000000000269,,,,,
"CAN",,,0x000000000000000D,,,,
"CAN",,,,0xFF,,,
"CAN",,,,,,,
"CAN",true,0x0000000009AD2FB9,,,,,
"CAN",,,0x0000000000000007,,,,
"CAN",,0x0000000000000269,,,,,
"CAN",,,0x000000000000000D,,,,
"CAN",,,,0xFF,,,
"CAN",,,,,,,
"CAN",true,0x0000000009AD2FB9,,,,,
"CAN",,,0x0000000000000007,,,,
"CAN",,0x0000000000000269,,,,,
"CAN",,,0x000000000000000D,,,,
"CAN",,,,0xFF,,,
"CAN",,0x00000000000003A4,,,,,
"CAN",,,,,,,
"CAN",true,0x0000000009AD2FB9,,,,,
"CAN",,,0x0000000000000007,,,,
"CAN",,0x0000000000000269,,,,,
"CAN",,,0x000000000000000D,,,,
"CAN",,,,,,,
"CAN",true,0x0000000009AD2FB9,,,,,
"CAN",,,0x0000000000000007,,,,
"CAN",,0x0000000000000269,,,,,
"CAN",,,0x000000000000000D,,,,
"CAN",,,,,,,
"CAN",,0x0000000000000269,,,,,true
"CAN",,,0x000000000000000B,,,,
"CAN",,,,,0x00000000000036DB,,
"CAN",,,,,,false,
"CAN",,,,,,,
"CAN",,0x0000000000000269,,,,,
"CAN",,,0x000000000000000D,,,,
"CAN",,,,,,,
