identifier,num_data_bytes,data,remote_frame
0x1B6EDB62,0x3,,
0x269,0xD,,
0x25B,0x0,,
0x9AD2FB9,0x7,,
0x269,0xC,0xBF,
0x7A1,0x7,0x0F,
0x9AD2FB9,0x7,,
0x269,0xC,0xBF,
0x784,0xB,,True
0x9AD2FB9,0x7,,
0x269,0xC,0xBF,
0x7A1,0x2,0x75,
0x9AD2FB9,0x7,,
0x269,0xD,,
0x212,0x6,,True
0x9AD2FB9,0x7,,
0x269,0xC,,
0x9AD2FB9,0x7,,
0x269,0xC,0xBF,
0x784,0x3,,True
0x9AD2FB9,0x7,,
0x269,0xC,0xBF,
0x7A1,0x3,,
0x9AD2FB9,0x7,,
0x269,0xD,,
0x9AD2FB9,0x7,,
0x269,0xC,0xBF,
0x9AD2FB9,0x7,,
0x269,0xC,0xBF,
0x9AD2FB9,0x7,,
0x269,0xD,,
0x9AD2FB9,0x7,,
0x269,0xC,0xBF,
0x9AD2FB9,0x7,,
0x269,0xC,0xB8 0x1B 0xC8 0x25 0xBF,
0x9AD2FB9,0x7,,
0x269,0xC,0xBF,
0x7C0,0x7,,True
0x9AD2FB9,0x7,,
0x269,0xC,0xBF,
0x9AD2FB9,0x7,,
0x269,0xC,0xBF,
0x7A1,0x2,0x75,
0x9AD2FB9,0x7,,
0x269,0xC,0xBF,
0x784,0x3,,True
0x9AD2FB9,0x7,,
0x269,0xD,,
0x9AD2FB9,0x7,,
0x269,0xD,0xBC 0x9F,
0x9AD2FB9,0x7,,
0x269,0xC,,
0x9AD2FB9,0x7,,
0x269,0xC,,
0x9AD2FB9,0x7,,
0x269,0xD,,
0x9AD2FB9,0x7,,
0x269,0xC,0xBF,
0x9AD2FB9,0x7,,
0x269,0xC,0xB8 0x1A,
0x9AD2FB9,0x7,,
0x269,0xC,,
0x9AD2FB9,0x7,,
0x269,0xC,0xBF,
0x9AD2FB9,0x7,,
0x269,0xC,,
0x9AD2FB9,0x7,,
0x269,0xC,0xBF,
0x9AD2FB9,0x7,,
0x269,0xC,0xBF,
0x7A1,0x3,,
0x9AD2FB9,0x7,,
0x269,0xC,,
0x9AD2FB9,0x7,,
0x269,0xC,0xBF,
0x9AD2FB9,0x7,,
0x269,0xC,0xBF,
0x7A1,0x3,,
0x9AD2FB9,0x7,,
0x269,0xD,0xBF,
0x7C0,0x7,,True
0x9AD2FB9,0x7,,
0x269,0xC,0xB8 0x1B,
0x9AD2FB9,0x7,,
0x269,0xC,0xB8 0x1B 0xC8 0x25 0xBF,
0x9AD2FB9,0x7,,
0x269,0xC,0xBF,
0x9AD2FB9,0x7,,
0x269,0xC,0xBF,
0x7B9,0x3,0x27,
0x9AD2FB9,0x7,,
0x269,0xC,,
0x9AD2FB9,0x7,,
0x269,0xC,0xBF,
0x7A1,0x3,,
0x9AD2FB9,0x7,,
0x269,0xD,,
0x6F4,0x2,,
0x9AD2FB9,0x7,,
0x269,0xC,,
0x9AD2FB9,0x7,,
0x269,0xC,0xBF,
0x784,0x3,,True
0x9AD2FB9,0x7,,
0x269,0xC,0xBF,
0x784,0x6,,True
0x9AD2FB9,0x7,,
0x269,0xC,,
0x9AD2FB9,0x7,,
0x269,0xC,0xBF,
0x784,0xE,,True
0x9AD2FB9,0x7,,
0x269,0xC,0xBF,
0x7A1,0x7,0x0F,
0x9AD2FB9,0x7,,
0x269,0xC,0xBF,
0x9AD2FB9,0x7,,
0x269,0xC,0xBF,
0x784,0xB,,True
0x9AD2FB9,0x7,,
0x269,0xC,0xBF,
0x9AD2FB9,0x7,,
0x269,0xC,0xB8 0x1B 0xC8 0x25 0xBF,
0x9AD2FB9,0x7,,
0x269,0xC,0xBF,
0x9AD2FB9,0x7,,
0x269,0xC,,
0x9AD2FB9,0x7,,
0x269,0xC,0xBF,
0x7A1,0x3,,
0x9AD2FB9,0x7,,
0x269,0xD,,
0x9AD2FB9,0x7,,
0x269,0xC,0xB8 0x9F,
0x9AD2FB9,0x7,,
0x269,0xC,0xBF,
0x9AD2FB9,0x7,,
0x269,0xC,,
0x9AD2FB9,0x7,,
0x269,0xC,,
0x9AD2FB9,0x7,,
0x269,0xC,,
0x9AD2FB9,0x7,,
0x269,0xC,0xBF,
0x784,0x6,,True
0x9AD2FB9,0x7,,
0x269,0xC,,
0x9AD2FB9,0x7,,
0x269,0xD,,
0x212,0x6,,True
0x9AD2FB9,0x7,,
0x269,0xC,0xBF,
0x379,0x0,,
0x9AD2FB9,0x5,,
0x269,0x9,0x24 0x49 0x91 0x2F 0x0B,
0x9AD2FB9,0x5,,
0x269,0x9,0x13 0xE3 0xC8 0x0C,
0x9AD2FB9,0x5,,
0x269,0x9,0x10 0xEB 0x01 0x2C,
0x9AD2FB9,0x5,,
0x269,0x9,0x9F,
0x9AD2FB9,0x7,,
0x269,0x9,0xA2 0xE4 0x64 0xBC 0xEF,
0x9AD2FB9,0x7,,
0x269,0x9,0x32 0x27,
0x9AD2FB9,0x7,,
0x269,0x9,,
0x74C,0x2,0x75,
0x9AD2FB9,0x7,,
0x269,0x9,0xBA 0x11 0x01 0x72,
0x9AD2FB9,0x7,,
0x269,0x9,0xDF 0xE4 0xC8 0x0C 0xBF,
0x9AD2FB9,0x7,,
0x269,0x8,0x3E 0x93 0x20 0x9E,
0x9AD2FB9,0x7,,
0x269,0x8,0xEE 0xE7 0x49 0x56,
0x9AD2FB9,0x7,,
0x269,0x8,0x9B,
0x9AD2FB9,0x7,,
0x269,0x9,0x0F 0x24,
0x9AD2FB9,0x7,,
0x269,0x9,0xEF,
0x84,0x7,,True
0x9AD2FB9,0x7,,
0x269,0x9,0x6E,
0x9AD2FB9,0x7,,
0x269,0x9,0xA2 0x44 0x84 0xAB 0xBF,
0x9AD2FB9,0x7,,
0x269,0xA,0x6E 0x22 0x84 0xB9 0x3F,
0x9AD2FB9,0x7,,
0x269,0xA,0xF3 0xEA 0x90 0x7F,
0x9AD2FB9,0x7,,
0x269,0xA,0xAE 0xE7 0x49 0x3D,
0x9AD2FB9,0x7,,
0x269,0xB,0x4E,
0x9AD2FB9,0x7,,
0x269,0xB,0xDE 0x22 0x02 0x13,
0x9AD2FB9,0x7,,
0x269,0xB,0xFF,
0x101,0xB,0x6F,
0x9AD2FB9,0x7,,
0x269,0xB,0xAE 0x27,
0x9AD2FB9,0x7,,
0x269,0xA,0x7A 0xC4 0x48 0x2E,
0x9AD2FB9,0x7,,
0x269,0xA,0x07 0x4F,
0x9AD2FB9,0x7,,
0x269,0xA,0xBF 0x4A 0x92 0xF7,
0x9AD2FB9,0x7,,
0x269,0xB,,
0x664,0x5,,True
0x9AD2FB9,0x7,,
0x269,0xB,0xFC 0x4D,
0x9AD2FB9,0x7,,
0x269,0xB,0xFF,
0x9AD2FB9,0x7,,
0x269,0xB,0xCB,
0x9AD2FB9,0x7,,
0x269,0x8,0x73 0x86 0x48 0x20,
0x9AD2FB9,0x7,,
0x269,0xA,0xAF 0xCE 0x99,
0x9AD2FB9,0x7,,
0x269,0x8,0xAF 0x73 0xEC 0xA7,
0x9AD2FB9,0x7,,
0x269,0x9,0x4E,
0x9AD2FB9,0x7,,
0x269,0x9,0x9F 0xC4 0x05 0x57,
0x9AD2FB9,0x7,,
0x269,0x9,0x1E 0xA7 0x84 0x86 0x6F,
0x9AD2FB9,0x7,,
0x269,0x9,0xCA 0xE5 0x4C 0xBF,
0x9AD2FB9,0x7,,
0x269,0x8,0x7C 0xCE 0x12 0xB6,
0x9AD2FB9,0x7,,
0x269,0x8,0x3F,
0x9AD2FB9,0x7,,
0x269,0xB,0xCF,
0x9AD2FB9,0x7,,
0x269,0x9,0x5F 0x4E 0x99 0x7F,
0x9AD2FB9,0x7,,
0x269,0x9,0x9E 0xE5 0x84 0x9A 0xEF,
0x9AD2FB9,0x7,,
0x269,0x9,0x2E,
0x9AD2FB9,0x7,,
0x269,0xB,,
0x549,0x8,,True
0x9AD2FB9,0x7,,
0x269,0xA,0x62 0xE4,
0x9AD2FB9,0x7,,
0x269,0xA,0x0F 0x88 0x09 0x37,
0x9AD2FB9,0x7,,
0x269,0xA,0xDF 0x4E 0x02 0x91,
0x9AD2FB9,0x7,,
0x269,0xB,0x5F 0x4F 0xA5 0xFF,
0x9AD2FB9,0x7,,
0x269,0xB,0xAE 0xE5 0x09 0x3C 0xEF,
0x9AD2FB9,0x7,,
0x269,0xB,0x2E 0x65 0xC8 0x1D 0xBF,
0x9AD2FB9,0x7,,
0x269,0xB,0xD2 0x86,
0x9AD2FB9,0x7,,
0x269,0xA,0x6A 0x75 0x4C 0xB7 0x5F,
0x9AD2FB9,0x7,,
0x269,0xA,0x3A 0x24 0xC8 0x07 0xBF,
0x9AD2FB9,0x7,,
0x269,0xA,0xCA 0x82,
0x9AD2FB9,0x7,,
0x269,0xB,,
0x9AD2FB9,0x7,,
0x269,0xB,0x9E 0xE7 0x49,
0x9AD2FB9,0x7,,
0x269,0xB,0x7B 0xA6 0xC8 0x06,
0x9AD2FB9,0x7,,
0x269,0xB,0x52 0xE1 0x84 0x81,
0x9AD2FB9,0x7,,
0x269,0xC,,
0x9AD2FB9,0x7,,
0x269,0xC,0x2E,
0x9AD2FB9,0x7,,
0x269,0xC,0xBF 0xC4 0x04 0xAD,
0x9AD2FB9,0x7,,
0x269,0xD,0x7D 0xCE 0x02 0xA3,
0x9AD2FB9,0x7,,
0x269,0xD,,
0x9AD2FB9,0x7,,
0x269,0xD,0x2E 0xE3 0x09 0x38,
0x9AD2FB9,0x7,,
0x269,0xD,0xBF,
0x4E0,0x3,0x45,
0x9AD2FB9,0x7,,
0x269,0xC,0x4E 0x23 0x09 0x55,
0x9AD2FB9,0x7,,
0x269,,,
0x9AD2FB9,0x7,,
0x269,0xC,0x8E 0xE1 0x09 0x3A,
0x9AD2FB9,0x7,,
0x269,0xD,0x5E 0xE7 0x01 0x48,
0x9AD2FB9,0x7,,
0x269,0xD,0xDF 0xCE 0x92 0x7B 0xBF,
0x9AD2FB9,0x7,,
0x269,0xD,0x1E,
0x9AD2FB9,0x7,,
0x269,0xD,0xAA 0x24 0x48 0x0C,
0x9AD2FB9,0x7,,
0x269,0xE,0x5E 0x24 0x48 0x2F,
0x9AD2FB9,0x7,,
0x269,0xE,0xDD 0xA4 0x84 0xA6,
0x9AD2FB9,0x7,,
0x269,0xE,0x9B 0x66 0x44 0xBD,
0x9AD2FB9,0x7,,
0x269,0xF,0x3D 0xC4 0x04 0x16,
0x9AD2FB9,0x7,,
0x269,0xF,,
0x7D3,0x2,,True
0x9AD2FB9,0x7,,
0x269,0xF,0x9F,
0x9AD2FB9,0x7,,
0x269,0xF,0x1B 0x08 0x90 0x73,
0x9AD2FB9,0x7,,
0x269,0xE,0x0D,
0x9AD2FB9,0x7,,
0x269,0xE,0xDF,
0x9AD2FB9,0x7,,
0x269,0xE,0x5E 0xAA 0x02 0xBF,
0x9AD2FB9,0x7,,
0x269,0xF,0x75 0x8C 0x90 0x25,
0x9AD2FB9,0x7,,
0x269,0xF,,
0x9AD2FB9,0x7,,
0x269,0xF,0xBC 0xCA 0x92 0xBF,
0x9AD2FB9,0x7,,
0x269,0xF,0x46 0x4F 0xA0 0xAE,
0x9AD2FB9,0x7,,
0x269,0xC,0x5A 0x26 0x44 0xB2 0xBF,
0x9AD2FB9,0x7,,
0x269,0xC,0xAF 0x61 0x09 0x25 0xDF,
0x9AD2FB9,0x7,,
0x269,0xC,0x6F,
0x9AD2FB9,0x7,,
0x269,0xC,0xC2 0x47,
0x9AD2FB9,0x7,,
0x269,0xD,0xAF 0x8A,
0x9AD2FB9,0x7,,
0x269,0xD,0x2D 0x84 0xC8 0xAF 0xBF,
0x9AD2FB9,0x7,,
0x269,0xD,0xEE 0xA4 0xC8 0x15 0xBF,
0x9AD2FB9,0x7,,
0x269,0xC,0x6F 0x22 0x02 0x53 0xBF,
0x9AD2FB9,0x7,,
0x269,0xC,0xAF 0x67 0x09 0x7D 0xBF,
0x9AD2FB9,0x7,,
0x269,0xC,0x3F,
0x421,0x5,0x8F,
0x9AD2FB9,0x7,,
0x269,0xC,,
0x9AD2FB9,0x7,,
0x269,0xD,0x62 0x46,
0x9AD2FB9,0x7,,
0x269,0xF,,
0x172,0x1,0x17,
0x9AD2FB9,0x7,,
0x269,0xD,0xBE 0x49 0x09 0x39 0x5F,
0x9AD2FB9,0x7,,
0x269,0xE,0x52,
0x9AD2FB9,0x7,,
0x269,0xE,0xFE 0xCC,
0x9AD2FB9,0x7,,
0x269,0xE,0x3A 0x46 0x48 0x0F,
0x9AD2FB9,0x7,,
0x269,0xE,0xCA 0x25,
0x9AD2FB9,0x7,,
0x269,0xF,0xBF,
0x101,0xF,,
0x9AD2FB9,0x7,,
0x269,0xF,0x3F,
0x152,0x5,0x77,
0x9AD2FB9,0x7,,
0x269,0xF,0x1C 0xD4 0x05 0x97,
0x9AD2FB9,0x7,,
0x269,0xE,0x4E 0x64,
0x9AD2FB9,0x7,,
0x269,0xE,0xDE 0xA7 0x09 0x6F 0xBF,
0x9AD2FB9,0x7,,
0x269,0xE,0x2E 0x62 0x02 0xFB,
0x9AD2FB9,0x7,,
0x269,0xE,0xBF,
0x9AD2FB9,0x7,,
0x269,0xF,0xA6 0x4A 0x90 0x79,
0x9AD2FB9,0x7,,
0x269,0xF,0xCE,
0x9AD2FB9,0x7,,
0x269,0xF,0x47 0x4E 0x90 0x11,
0x9AD2FB9,0x7,,
0x269,,,
0x9AD2FB9,0x7,,
0x269,0x8,,
0x9AD2FB9,0x7,,
0x269,0x8,0xDA 0x87,
0x9AD2FB9,0x7,,
0x269,0x8,0xEB 0xA3 0x01 0x5F,
0x9AD2FB9,0x7,,
0x269,0xD,0x7D 0x4E 0x92 0xC9 0xBF,
0x9AD2FB9,0x7,,
0x269,0x9,,
0x9AD2FB9,0x7,,
0x269,0x9,0xBA 0x86 0x48 0x10,
0x9AD2FB9,0x7,,
0x269,0x8,0x4F 0x62,
0x9AD2FB9,0x7,,
0x269,0x8,0xCE 0xE6 0xC8 0x2C 0xBF,
0x9AD2FB9,0x7,,
0x269,0x8,0x1C 0x44 0x04 0x53,
0x9AD2FB9,0x7,,
0x269,0x8,0xBE 0xCB,
0x9AD2FB9,0x7,,
0x269,0xD,0x7D 0xCE 0x99 0x6F,
0x9AD2FB9,0x7,,
0x269,0x9,,
0x9AD2FB9,0x7,,
0x269,0x9,0x9E 0x66,
0x9AD2FB9,0x7,,
0x269,0xA,0x42 0xC1 0x09 0x02,
0x9AD2FB9,0x7,,
0x269,0xA,,
0x9AD2FB9,0x7,,
0x269,0xA,0x3F 0x48 0x90 0x61,
0x9AD2FB9,0x7,,
0x269,0xA,0xCF 0x27,
0x9AD2FB9,0x7,,
0x269,0xB,0x4E 0x27 0x01 0x75,
0x9AD2FB9,0x7,,
0x269,0xB,0x1B 0xE7 0x09 0x67 0x5F,
0x9AD2FB9,0x7,,
0x269,0xB,0xBF,
0xE1,0x4,0x9F,
0x9AD2FB9,0x7,,
0x269,0xA,0x6E 0x27 0x84 0xA2 0xBF,
0x9AD2FB9,0x7,,
0x269,0xA,0x82 0x01 0x20 0x2A,
0x9AD2FB9,0x7,,
0x269,0xA,0x0E 0xCE 0x90 0x63,
0x9AD2FB9,0x7,,
0x269,0xA,0xDE 0xC2 0x84 0xA9 0x3F,
0x9AD2FB9,0x7,,
0x269,0xB,,
0x9AD2FB9,0x7,,
0x269,0xB,0x3F 0xCF 0x92 0x7F,
0x9AD2FB9,0x7,,
0x269,0xB,0x8A 0x44 0x84 0xAB 0x3F,
0x9AD2FB9,0x7,,
0x269,0x8,0x34 0x46 0x02,
0x9AD2FB9,0x7,,
0x269,0x8,0xAE 0xA4,
0x9AD2FB9,0x7,,
0x269,0x8,0x1F 0x88,
0x9AD2FB9,0x7,,
0x269,0x8,0xFE 0x46 0x02 0x81,
0x9AD2FB9,0x7,,
0x269,0x9,0x92 0x67,
0x9AD2FB9,0x7,,
0x269,0x9,0x1E 0x26 0xCC 0xBB 0xDF,
0x9AD2FB9,0x7,,
0x269,0x9,0xEE 0xE1 0x09 0x62,
0x9AD2FB9,0x7,,
0x269,0x8,0x7D,
0x9AD2FB9,0x7,,
0x269,0x8,0xBF 0xCE 0x02 0x44 0xBF,
0x9AD2FB9,0x7,,
0x269,0x8,0x4A 0x84 0x48 0x37 0xBF,
0x9AD2FB9,0x7,,
0x269,0x8,0xCA 0x83 0x09 0x2A 0x5F,
0x9AD2FB9,0x7,,
0x269,0x9,0x9E 0x25 0x09 0x24 0xBF,
0x9AD2FB9,0x7,,
0x269,0x9,0x2F 0x84 0x05 0xD5,
0x9AD2FB9,0x7,,
0x269,0x9,,
0x9AD2FB9,0x7,,
0x269,0xA,0x6A 0x82 0x02 0x8F,
0x9AD2FB9,0x7,,
0x269,0xE,,
0x9AD2FB9,0x7,,
0x269,0xA,0x3E 0xC6 0x12 0xB6,
0x9AD2FB9,0x7,,
0x269,0xA,0xCB 0x85 0x48,
0x9AD2FB9,0x7,,
0x269,0xB,0x9A 0x62 0x84 0xA3 0x3F,
0x9AD2FB9,0x7,,
0x269,0xB,0x0E 0x43 0x01 0x2F 0x5F,
0x9AD2FB9,0x7,,
0x269,0xB,0xCA 0x62 0x84 0xAB 0x3F,
0x9AD2FB9,0x7,,
0x269,0xA,0x7D,
0x9AD2FB9,0x7,,
0x269,0xF,,
0x9AD2FB9,0x7,,
0x269,0xA,0x0C 0xCD 0x90 0x18,
0x9AD2FB9,0x7,,
0x269,0xA,0xAE 0xA6,
0x9AD2FB9,0x7,,
0x269,0xB,0x1C 0x66,
0x9AD2FB9,0x7,,
0x269,0xB,0x8C 0xA7 0x48 0x35 0xBF,
0x9AD2FB9,0x7,,
0x269,0xB,,
0x9AD2FB9,0x7,,
0x269,0xB,0x6A 0x61 0x01,
0x9AD2FB9,0x7,,
0x269,0xC,0xBD 0x79 0xF4 0x92 0xEF,
0x9AD2FB9,0x7,,
0x269,0xC,0xD7 0xE5,
0x9AD2FB9,0x7,,
0x269,0xC,,
0x9AD2FB9,0x7,,
0x269,0xC,0xE7 0x12 0x64 0x1D 0x5F,
0x9AD2FB9,0x7,,
0x269,0xC,0x13 0x80 0x04 0x89,
0x240,0x2,,True
0x269,0xC,0x39,
0x240,0x2,,True
0x269,0xC,0x9F 0x1B 0x01 0x28 0x5F,
0x269,0xC,,
0x76F,0x0,,
0x240,0x2,,True
0x269,0xC,0xE9,
0x9AD2FB9,0x7,,
0x269,0xD,0x31 0x5F 0x02 0x54,
0x269,0xD,0x31 0x0D 0x64 0x06 0xDF,
0x9AD2FB9,0x7,,
0x269,0xD,0x61 0xDF 0x02 0xFF,
0x240,0x2,,True
0x269,0xD,0xC8,
0x240,0x2,,True
0x269,0xD,0xBF 0x9B 0x01,
0x240,0x2,,True
0x269,0xD,0xE5 0x9F,
0x96,0x3,,True
0x240,0x2,,True
0x269,0xD,0x3B 0x9F 0x49 0x67 0xFF,
0x240,0x2,,True
0x269,0xD,0x13 0x7D 0x09 0x54,
0x269,0xD,0x42 0x5F 0x02 0xB9,
0x269,0xD,0x8A 0xBF,
0x269,0xD,0xC2 0x1F 0x02 0x43 0xBF,
0x269,0xD,0x84 0xAD 0x22 0x53 0x17,
0x269,0xD,0xB3,
0x269,0xD,0xE4 0x6D 0xA4 0x05 0xDF,
0x269,,,
0x269,0xC,0x2D 0xCD 0x64 0x0F,
0x269,0xC,0x69,
0x212,0xB,,True
0x9AD2E90,0x5,0xB6 0x1B,
0x269,0xC,0x69 0x3F,
0x269,0xC,0x7F,
0x9AD2FB8,0x5,,
0x269,0xC,0x00 0x7A 0x12 0xD1,
0x9AD2FB9,0x5,,
0x269,0xC,0x4C 0xED 0xE4 0x04 0xDF,
0x269,0xC,0x69 0x9F 0x02 0x95,
0x9AD2E90,0x5,0xB6 0x1B,
0x269,0xC,0x79 0x1F 0x02 0xDA,
0x9AD2E98,0xA,0xDB 0x0D,
0x269,0xC,0x50 0xCD 0x80 0x8D 0xBF,
0x9AD2FB0,0x5,,
0x269,0xC,0x48 0x4D 0x24 0x11 0xDF,
0x9AD2FB9,0x5,,
0x269,0xC,0x54,
0x9AD2FB9,0x5,,
0x269,0xC,0x57 0xDA,
0x9AD2FB9,0x5,,
0x269,0xC,,
0x9AD2FB9,0x5,,
0x269,0xC,0x57,
0x9AD2FB9,0x5,,
0x269,0xC,0x57,
0x9AD2FB9,0x5,,
0x269,0xC,0x57,
0x9AD2FB9,0x5,,
0x269,0xD,,
0x9AD2FB9,0x5,,
0x269,0xC,0x5F,
0x9AD2FB9,0x5,,
0x269,0xC,,
0x9AD2FB9,0x7,,
0x269,0xC,,
0x9AD2FB9,0x7,,
0x269,0xC,0x57,
0x781,0xF,,
0x9AD2FB9,0x7,,
0x269,0xC,0x57 0xDB,
0x9AD2FB9,0x7,,
0x269,0xC,0x57,
0x9AD2FB9,0x7,,
0x269,0xD,0x7D,
0x9AD2FB9,0x7,,
0x269,0xC,0x57 0xDE 0xCC 0xBF,
0x9AD2FB9,0x7,,
0x269,0xC,,
0x9AD2FB9,0x5,,
0x269,0xC,,
0x9AD2FB9,0x7,,
0x269,0xC,,
0x9AD2FB9,0x7,,
0x269,0xC,,
0x9AD2FB9,0x7,,
0x269,0xC,,
0x9AD2FB9,0x7,,
0x269,0xC,0x57,
0x781,0x5,,
0x9AD2FB9,0x7,,
0x269,0xC,0x54 0x1F,
0x9AD2FB9,0x7,,
0x269,0xC,0x57 0xDA,
0x9AD2FB9,0x7,,
0x269,0xC,0x57 0xDF 0x02 0x75,
0x9AD2FB9,0x7,,
0x269,0xD,0x54 0x9F,
0x9AD2FB9,0x7,,
0x269,0xC,,
0x9AD2FB9,0x7,,
0x269,0xC,,
0x9AD2FB9,0x7,,
0x269,0xD,,
0x405,0x1,,True
0x9AD2FB9,0x7,,
0x269,0xC,,
0x9AD2FB9,0x7,,
0x269,0xC,,
0x9AD2FB9,0x7,,
0x269,0xC,0x57 0xDA 0x48 0x3D,
0x9AD2FB9,0x7,,
0x269,0xC,0x50 0x9F,
0x9AD2FB9,0x7,,
0x269,0xC,0x57 0xDF 0x02 0x75,
0x9AD2FB9,0x7,,
0x269,0xC,,
0x9AD2FB9,0x7,,
0x269,0xD,0x7D 0x5F 0x99 0x77,
0x9AD2FB9,0x7,,
0x269,0xC,,
0x9AD2FB9,0x7,,
0x269,0xC,,
0x9AD2FB9,0x7,,
0x269,0xC,0x57 0xDA 0xC8 0x33 0xBF,
0x9AD2FB9,0x7,,
0x269,0xC,,
0x612,0xD,,True
0x9AD2FB9,0x7,,
0x269,0xC,,
0x9AD2FB9,0x7,,
0x269,0xC,0x57 0xDF 0x02 0x19 0xBF,
0x9AD2FB9,0x7,,
0x269,0xD,,
0x9AD2FB9,0x7,,
0x269,0xC,0x57 0xDA 0xC8 0xBE 0xBF,
0x9AD2FB9,0x7,,
0x269,0xC,,
0x9AD2FB9,0x7,,
0x269,0xC,,
0x9AD2FB9,0x7,,
0x269,0xD,0x7D 0x3F,
0x9AD2FB9,0x7,,
0x269,0xC,0x57 0xDF 0x02 0x75,
0x9AD2FB9,0x7,,
0x269,0xC,0x57,
0x9AD2FB9,0x7,,
0x269,0xD,0x7D 0x3F,
0x9AD2FB9,0x7,,
0x269,0xC,0x57 0xDF 0x49 0x3A,
0x9AD2FB9,0x7,,
0x269,0xC,0x57,
0x9AD2FB9,0x7,,
0x269,0xC,,
0x9AD2FB9,0x7,,
0x269,0xC,0x50 0xBD 0x66 0x4F 0x37,
0x9AD2FB9,0x7,,
0x269,0xC,,
0x9AD2FB9,0x7,,
0x269,0xC,,
0x9AD2FB9,0x7,,
0x269,0xC,0x57,
0x9AD2FB9,0x7,,
0x269,0xC,,
0x9AD2FB9,0x7,,
0x269,0xC,,
0x9AD2FB9,0x7,,
0x269,0xC,0x57 0xDA,
0x9AD2FB9,0x7,,
0x269,0xC,,
0x9AD2FB9,0x7,,
0x269,0xC,,
0x9AD2FB9,0x7,,
0x269,0xC,0x57 0xDF 0x02 0x19 0xBF,
0x9AD2FB9,0x7,,
0x269,0xD,,
0x6F8,0x9,0xD7,
0x9AD2FB9,0x7,,
0x269,0xC,0x57 0xDF 0x02 0x5F,
0x9AD2FB9,0x7,,
0x269,0xC,0x57 0xDF 0x02 0x75,
0x9AD2FB9,0x7,,
0x269,0xC,0x57 0xDB,
0x9AD2FB9,0x7,,
0x269,0xC,0x57 0xDF 0x02 0x19 0xBF,
0x9AD2FB9,0x7,,
0x269,0xC,,
0x9AD2FB9,0x7,,
0x269,0xC,0x57 0xDF 0x02 0x75,
0x9AD2FB9,0x7,,
0x269,0xD,0x57,
0x9AD2FB9,0x7,,
0x269,0xC,0x57 0xDF 0x02 0xD9 0xBF,
0x9AD2FB9,0x7,,
0x269,0xC,,
0x9AD2FB9,0x7,,
0x269,0xC,,
0x9AD2FB9,0x7,,
0x269,0xC,0x57 0xDB,
0x9AD2FB9,0x7,,
0x269,0xC,,
0x9AD2FB9,0x7,,
0x269,0xC,,
0x9AD2FB9,0x7,,
0x269,0xD,0x54 0x9F,
0x9AD2FB9,0x7,,
0x269,0xC,0x57 0xDF 0x02 0x75,
0x9AD2FB9,0x7,,
0x269,0xC,0x57 0xDF 0x02 0x75,
0x9AD2FB9,0x7,,
0x269,0xC,,
0x9AD2FB9,0x7,,
0x269,0xC,,
0x9AD2FB9,0x7,,
0x269,0xC,0x57 0xDA 0xC8 0x33 0xBF,
0x269,0xC,0x57 0xDB 0x48 0xB5 0x5F,
